run_config,sys_name,sys_processor,sys_phy_cores_count,sys_tot_cores_count,sys_cpufreq_mhz,sys_phy_mem_bytes,sys_swap_mem_bytes,exe_L,exe_Du,exe_Dv,exe_F,exe_k,exe_dt,exe_plotgap,exe_steps,exe_noise,exe_output,exe_checkpoint,exe_checkpoint_freq,exe_checkpoint_output,exe_adios_config,exe_adios_span,exe_adios_memory_selection,exe_mesh_type,run_nprocs,run_settings,run_array_dimention,run_diffusion_coeff_U,run_diffusion_coeff_V,run_feed_rate_U,run_kill_rate_V,run_Timestep,run_simulation_steps,run_indused_noise,total_exe_time_ms,total_wt_tau_time_ms,max_bytes_read_mb,max_bytes_written_mb,max_read_bw_mbps,max_write_bw_mbps
run-150.iteration-0,Linux,x86_64,1,1,2304.0,2217390080,2147479552,64,0.2,0.1,0.01,0.05,5,10,100,1e-06,gs.bp,False,10,gs_ckpt.bp,adios2.xml,False,False,image,1,settings-files.json,64,0.2,0.1,0.01,0.05,5,100,1e-06,1.5640792846679688,4705,129200.0,247.0,6181.0,27.5
run-203.iteration-0,Linux,x86_64,1,1,2304.0,2217390080,2147479552,128,0.1,0.1,0.01,0.05,10,10,1000,1e-06,gs.bp,False,10,gs_ckpt.bp,adios2.xml,False,False,image,1,settings-files.json,128,0.1,0.1,0.01,0.05,10,1000,1e-06,65.2067883014679,259336,129200.0,247.0,6568.0,29.0
run-204.iteration-0,Linux,x86_64,1,1,2304.0,2217390080,2147479552,128,0.1,0.1,0.04,0.04,5,10,100,1e-06,gs.bp,False,10,gs_ckpt.bp,adios2.xml,False,False,image,1,settings-files.json,128,0.1,0.1,0.04,0.04,5,100,1e-06,7.177375316619873,27172,129200.0,247.0,7005.0,40.0
run-269.iteration-0,Linux,x86_64,1,1,2304.0,2217390080,2147479552,128,0.2,0.2,0.01,0.04,10,10,1000,1e-06,gs.bp,False,10,gs_ckpt.bp,adios2.xml,False,False,image,1,settings-files.json,128,0.2,0.2,0.01,0.04,10,1000,1e-06,65.83446621894836,261937,129200.0,247.0,7005.0,40.0
run-76.iteration-0,Linux,x86_64,1,1,2304.0,2217390080,2147479552,16,0.2,0.2,0.01,0.04,10,10,500,1e-06,gs.bp,False,10,gs_ckpt.bp,adios2.xml,False,False,image,1,settings-files.json,16,0.2,0.2,0.01,0.04,10,500,1e-06,0.6876370906829834,1170,129200.0,247.0,5531.0,55.0
run-176.iteration-0,Linux,x86_64,1,1,2304.0,2217390080,2147479552,64,0.2,0.2,0.01,0.05,5,10,1000,1e-06,gs.bp,False,10,gs_ckpt.bp,adios2.xml,False,False,image,1,settings-files.json,64,0.2,0.2,0.01,0.05,5,1000,1e-06,9.119877338409424,35018,129200.0,247.0,6181.0,27.5
run-68.iteration-0,Linux,x86_64,1,1,2304.0,2217390080,2147479552,16,0.2,0.1,0.04,0.05,5,10,1000,1e-06,gs.bp,False,10,gs_ckpt.bp,adios2.xml,False,False,image,1,settings-files.json,16,0.2,0.1,0.04,0.05,5,1000,1e-06,0.8502798080444336,1922,129200.0,247.0,7005.0,55.0
run-225.iteration-0,Linux,x86_64,1,1,2304.0,2217390080,2147479552,128,0.1,0.2,0.01,0.05,10,10,100,1e-06,gs.bp,False,10,gs_ckpt.bp,adios2.xml,False,False,image,1,settings-files.json,128,0.1,0.2,0.01,0.05,10,100,1e-06,7.013070583343506,26535,129200.0,247.0,7506.0,29.0
run-96.iteration-0,Linux,x86_64,1,1,2304.0,2217390080,2147479552,64,0.1,0.1,0.01,0.04,5,10,100,1e-06,gs.bp,False,10,gs_ckpt.bp,adios2.xml,False,False,image,1,settings-files.json,64,0.1,0.1,0.01,0.04,5,100,1e-06,1.5518052577972412,4774,129200.0,247.0,6181.0,40.0
run-132.iteration-0,Linux,x86_64,1,1,2304.0,2217390080,2147479552,64,0.1,0.2,0.04,0.04,5,10,100,1e-06,gs.bp,False,10,gs_ckpt.bp,adios2.xml,False,False,image,1,settings-files.json,64,0.1,0.2,0.04,0.04,5,100,1e-06,1.5075716972351074,4569,129200.0,247.0,7005.0,27.5
run-245.iteration-0,Linux,x86_64,1,1,2304.0,2217390080,2147479552,128,0.2,0.1,0.01,0.04,10,10,1000,1e-06,gs.bp,False,10,gs_ckpt.bp,adios2.xml,False,False,image,1,settings-files.json,128,0.2,0.1,0.01,0.04,10,1000,1e-06,64.02684235572815,254573,129200.0,247.0,8083.0,40.0
run-14.iteration-0,Linux,x86_64,1,1,2304.0,2217390080,2147479552,16,0.1,0.1,0.04,0.04,5,10,1000,1e-06,gs.bp,False,10,gs_ckpt.bp,adios2.xml,False,False,image,1,settings-files.json,16,0.1,0.1,0.04,0.04,5,1000,1e-06,0.8655424118041992,1856,129200.0,247.0,6568.0,40.0
run-266.iteration-0,Linux,x86_64,1,1,2304.0,2217390080,2147479552,128,0.2,0.2,0.01,0.04,5,10,1000,1e-06,gs.bp,False,10,gs_ckpt.bp,adios2.xml,False,False,image,1,settings-files.json,128,0.2,0.2,0.01,0.04,5,1000,1e-06,66.61109662055969,264629,129200.0,247.0,7005.0,27.5
run-264.iteration-0,Linux,x86_64,1,1,2304.0,2217390080,2147479552,128,0.2,0.2,0.01,0.04,5,10,100,1e-06,gs.bp,False,10,gs_ckpt.bp,adios2.xml,False,False,image,1,settings-files.json,128,0.2,0.2,0.01,0.04,5,100,1e-06,7.070873498916626,26784,129200.0,247.0,8757.0,55.0
run-133.iteration-0,Linux,x86_64,1,1,2304.0,2217390080,2147479552,64,0.1,0.2,0.04,0.04,5,10,500,1e-06,gs.bp,False,10,gs_ckpt.bp,adios2.xml,False,False,image,1,settings-files.json,64,0.1,0.2,0.04,0.04,5,500,1e-06,4.81132698059082,17705,129200.0,247.0,6181.0,29.0
run-34.iteration-0,Linux,x86_64,1,1,2304.0,2217390080,2147479552,16,0.1,0.2,0.01,0.05,10,10,500,1e-06,gs.bp,False,10,gs_ckpt.bp,adios2.xml,False,False,image,1,settings-files.json,16,0.1,0.2,0.01,0.05,10,500,1e-06,0.6476848125457764,1107,129200.0,247.0,6181.0,55.0
run-169.iteration-0,Linux,x86_64,1,1,2304.0,2217390080,2147479552,64,0.2,0.2,0.01,0.04,5,10,500,1e-06,gs.bp,False,10,gs_ckpt.bp,adios2.xml,False,False,image,1,settings-files.json,64,0.2,0.2,0.01,0.04,5,500,1e-06,4.75560736656189,17488,129200.0,247.0,7005.0,27.5
run-283.iteration-0,Linux,x86_64,1,1,2304.0,2217390080,2147479552,128,0.2,0.2,0.04,0.05,5,10,500,1e-06,gs.bp,False,10,gs_ckpt.bp,adios2.xml,False,False,image,1,settings-files.json,128,0.2,0.2,0.04,0.05,5,500,1e-06,32.73096036911011,129529,129200.0,247.0,8083.0,29.0
run-91.iteration-0,Linux,x86_64,1,1,2304.0,2217390080,2147479552,16,0.2,0.2,0.04,0.05,5,10,500,1e-06,gs.bp,False,10,gs_ckpt.bp,adios2.xml,False,False,image,1,settings-files.json,16,0.2,0.2,0.04,0.05,5,500,1e-06,0.6441445350646973,1082,129200.0,247.0,7005.0,40.0
run-184.iteration-0,Linux,x86_64,1,1,2304.0,2217390080,2147479552,64,0.2,0.2,0.04,0.04,10,10,500,1e-06,gs.bp,False,10,gs_ckpt.bp,adios2.xml,False,False,image,1,settings-files.json,64,0.2,0.2,0.04,0.04,10,500,1e-06,4.6596198081970215,17274,129200.0,247.0,7506.0,29.0
run-178.iteration-0,Linux,x86_64,1,1,2304.0,2217390080,2147479552,64,0.2,0.2,0.01,0.05,10,10,500,1e-06,gs.bp,False,10,gs_ckpt.bp,adios2.xml,False,False,image,1,settings-files.json,64,0.2,0.2,0.01,0.05,10,500,1e-06,4.763258457183838,17619,129200.0,247.0,7005.0,55.0
run-177.iteration-0,Linux,x86_64,1,1,2304.0,2217390080,2147479552,64,0.2,0.2,0.01,0.05,10,10,100,1e-06,gs.bp,False,10,gs_ckpt.bp,adios2.xml,False,False,image,1,settings-files.json,64,0.2,0.2,0.01,0.05,10,100,1e-06,1.596217155456543,4809,129200.0,247.0,7005.0,40.0
run-230.iteration-0,Linux,x86_64,1,1,2304.0,2217390080,2147479552,128,0.1,0.2,0.04,0.04,5,10,1000,1e-06,gs.bp,False,10,gs_ckpt.bp,adios2.xml,False,False,image,1,settings-files.json,128,0.1,0.2,0.04,0.04,5,1000,1e-06,62.90616297721863,250270,129200.0,247.0,4674.0,29.0
run-260.iteration-0,Linux,x86_64,1,1,2304.0,2217390080,2147479552,128,0.2,0.1,0.04,0.05,5,10,1000,1e-06,gs.bp,False,10,gs_ckpt.bp,adios2.xml,False,False,image,1,settings-files.json,128,0.2,0.1,0.04,0.05,5,1000,1e-06,65.53323721885681,260664,129200.0,247.0,7506.0,27.5
run-44.iteration-0,Linux,x86_64,1,1,2304.0,2217390080,2147479552,16,0.1,0.2,0.04,0.05,5,10,1000,1e-06,gs.bp,False,10,gs_ckpt.bp,adios2.xml,False,False,image,1,settings-files.json,16,0.1,0.2,0.04,0.05,5,1000,1e-06,0.9125893115997314,1882,129200.0,247.0,6568.0,29.0
run-227.iteration-0,Linux,x86_64,1,1,2304.0,2217390080,2147479552,128,0.1,0.2,0.01,0.05,10,10,1000,1e-06,gs.bp,False,10,gs_ckpt.bp,adios2.xml,False,False,image,1,settings-files.json,128,0.1,0.2,0.01,0.05,10,1000,1e-06,63.15593791007995,251034,129200.0,247.0,7005.0,29.0
run-151.iteration-0,Linux,x86_64,1,1,2304.0,2217390080,2147479552,64,0.2,0.1,0.01,0.05,5,10,500,1e-06,gs.bp,False,10,gs_ckpt.bp,adios2.xml,False,False,image,1,settings-files.json,64,0.2,0.1,0.01,0.05,5,500,1e-06,4.816208124160767,17833,129200.0,247.0,7506.0,40.0
run-5.iteration-0,Linux,x86_64,1,1,2304.0,2217390080,2147479552,16,0.1,0.1,0.01,0.04,10,10,1000,1e-06,gs.bp,False,10,gs_ckpt.bp,adios2.xml,False,False,image,1,settings-files.json,16,0.1,0.1,0.01,0.04,10,1000,1e-06,0.8089022636413574,1750,129200.0,247.0,7005.0,40.0
run-157.iteration-0,Linux,x86_64,1,1,2304.0,2217390080,2147479552,64,0.2,0.1,0.04,0.04,5,10,500,1e-06,gs.bp,False,10,gs_ckpt.bp,adios2.xml,False,False,image,1,settings-files.json,64,0.2,0.1,0.04,0.04,5,500,1e-06,4.761331081390381,17709,129200.0,247.0,7506.0,29.14
run-107.iteration-0,Linux,x86_64,1,1,2304.0,2217390080,2147479552,64,0.1,0.1,0.01,0.05,10,10,1000,1e-06,gs.bp,False,10,gs_ckpt.bp,adios2.xml,False,False,image,1,settings-files.json,64,0.1,0.1,0.01,0.05,10,1000,1e-06,8.872191667556763,33970,129200.0,247.0,6568.0,55.0
run-19.iteration-0,Linux,x86_64,1,1,2304.0,2217390080,2147479552,16,0.1,0.1,0.04,0.05,5,10,500,1e-06,gs.bp,False,10,gs_ckpt.bp,adios2.xml,False,False,image,1,settings-files.json,16,0.1,0.1,0.04,0.05,5,500,1e-06,0.6462624073028564,1062,129200.0,247.0,7506.0,27.5
run-85.iteration-0,Linux,x86_64,1,1,2304.0,2217390080,2147479552,16,0.2,0.2,0.04,0.04,5,10,500,1e-06,gs.bp,False,10,gs_ckpt.bp,adios2.xml,False,False,image,1,settings-files.json,16,0.2,0.2,0.04,0.04,5,500,1e-06,0.5977137088775635,1046,129200.0,247.0,7506.0,29.14
run-63.iteration-0,Linux,x86_64,1,1,2304.0,2217390080,2147479552,16,0.2,0.1,0.04,0.04,10,10,100,1e-06,gs.bp,False,10,gs_ckpt.bp,adios2.xml,False,False,image,1,settings-files.json,16,0.2,0.1,0.04,0.04,10,100,1e-06,0.5405075550079346,632,129200.0,247.0,7005.0,40.0
run-29.iteration-0,Linux,x86_64,1,1,2304.0,2217390080,2147479552,16,0.1,0.2,0.01,0.04,10,10,1000,1e-06,gs.bp,False,10,gs_ckpt.bp,adios2.xml,False,False,image,1,settings-files.json,16,0.1,0.2,0.01,0.04,10,1000,1e-06,0.8002042770385742,1758,129200.0,247.0,6181.0,27.5
run-233.iteration-0,Linux,x86_64,1,1,2304.0,2217390080,2147479552,128,0.1,0.2,0.04,0.04,10,10,1000,1e-06,gs.bp,False,10,gs_ckpt.bp,adios2.xml,False,False,image,1,settings-files.json,128,0.1,0.2,0.04,0.04,10,1000,1e-06,63.01186990737915,250508,129200.0,247.0,8083.0,40.0
run-18.iteration-0,Linux,x86_64,1,1,2304.0,2217390080,2147479552,16,0.1,0.1,0.04,0.05,5,10,100,1e-06,gs.bp,False,10,gs_ckpt.bp,adios2.xml,False,False,image,1,settings-files.json,16,0.1,0.1,0.04,0.05,5,100,1e-06,0.5438871383666992,750,129200.0,247.0,7506.0,40.0
run-182.iteration-0,Linux,x86_64,1,1,2304.0,2217390080,2147479552,64,0.2,0.2,0.04,0.04,5,10,1000,1e-06,gs.bp,False,10,gs_ckpt.bp,adios2.xml,False,False,image,1,settings-files.json,64,0.2,0.2,0.04,0.04,5,1000,1e-06,8.82895803451538,33739,129200.0,247.0,7005.0,29.0
run-244.iteration-0,Linux,x86_64,1,1,2304.0,2217390080,2147479552,128,0.2,0.1,0.01,0.04,10,10,500,1e-06,gs.bp,False,10,gs_ckpt.bp,adios2.xml,False,False,image,1,settings-files.json,128,0.2,0.1,0.01,0.04,10,500,1e-06,32.27588629722595,127611,129200.0,247.0,7506.0,29.0
run-175.iteration-0,Linux,x86_64,1,1,2304.0,2217390080,2147479552,64,0.2,0.2,0.01,0.05,5,10,500,1e-06,gs.bp,False,10,gs_ckpt.bp,adios2.xml,False,False,image,1,settings-files.json,64,0.2,0.2,0.01,0.05,5,500,1e-06,5.008843183517456,18362,129200.0,247.0,6181.0,29.14
run-26.iteration-0,Linux,x86_64,1,1,2304.0,2217390080,2147479552,16,0.1,0.2,0.01,0.04,5,10,1000,1e-06,gs.bp,False,10,gs_ckpt.bp,adios2.xml,False,False,image,1,settings-files.json,16,0.1,0.2,0.01,0.04,5,1000,1e-06,0.8059835433959961,1765,129200.0,247.0,7506.0,40.0
run-253.iteration-0,Linux,x86_64,1,1,2304.0,2217390080,2147479552,128,0.2,0.1,0.04,0.04,5,10,500,1e-06,gs.bp,False,10,gs_ckpt.bp,adios2.xml,False,False,image,1,settings-files.json,128,0.2,0.1,0.04,0.04,5,500,1e-06,33.56937074661255,132782,129200.0,247.0,8083.0,55.0
run-145.iteration-0,Linux,x86_64,1,1,2304.0,2217390080,2147479552,64,0.2,0.1,0.01,0.04,5,10,500,1e-06,gs.bp,False,10,gs_ckpt.bp,adios2.xml,False,False,image,1,settings-files.json,64,0.2,0.1,0.01,0.04,5,500,1e-06,4.967806100845337,18273,129200.0,247.0,7005.0,27.5
run-212.iteration-0,Linux,x86_64,1,1,2304.0,2217390080,2147479552,128,0.1,0.1,0.04,0.05,5,10,1000,1e-06,gs.bp,False,10,gs_ckpt.bp,adios2.xml,False,False,image,1,settings-files.json,128,0.1,0.1,0.04,0.05,5,1000,1e-06,64.83504605293274,257986,129200.0,247.0,7506.0,55.0
run-12.iteration-0,Linux,x86_64,1,1,2304.0,2217390080,2147479552,16,0.1,0.1,0.04,0.04,5,10,100,1e-06,gs.bp,False,10,gs_ckpt.bp,adios2.xml,False,False,image,1,settings-files.json,16,0.1,0.1,0.04,0.04,5,100,1e-06,0.5492808818817139,734,129200.0,247.0,7506.0,29.14
run-120.iteration-0,Linux,x86_64,1,1,2304.0,2217390080,2147479552,64,0.1,0.2,0.01,0.04,5,10,100,1e-06,gs.bp,False,10,gs_ckpt.bp,adios2.xml,False,False,image,1,settings-files.json,64,0.1,0.2,0.01,0.04,5,100,1e-06,1.5041329860687256,4613,129200.0,247.0,7506.0,29.14
run-106.iteration-0,Linux,x86_64,1,1,2304.0,2217390080,2147479552,64,0.1,0.1,0.01,0.05,10,10,500,1e-06,gs.bp,False,10,gs_ckpt.bp,adios2.xml,False,False,image,1,settings-files.json,64,0.1,0.1,0.01,0.05,10,500,1e-06,4.760425329208374,17634,129200.0,247.0,7506.0,40.0
run-49.iteration-0,Linux,x86_64,1,1,2304.0,2217390080,2147479552,16,0.2,0.1,0.01,0.04,5,10,500,1e-06,gs.bp,False,10,gs_ckpt.bp,adios2.xml,False,False,image,1,settings-files.json,16,0.2,0.1,0.01,0.04,5,500,1e-06,0.6451449394226074,1142,129200.0,247.0,6181.0,27.5
run-218.iteration-0,Linux,x86_64,1,1,2304.0,2217390080,2147479552,128,0.1,0.2,0.01,0.04,5,10,1000,1e-06,gs.bp,False,10,gs_ckpt.bp,adios2.xml,False,False,image,1,settings-files.json,128,0.1,0.2,0.01,0.04,5,1000,1e-06,62.91680073738098,250182,129200.0,247.0,8083.0,40.0
run-41.iteration-0,Linux,x86_64,1,1,2304.0,2217390080,2147479552,16,0.1,0.2,0.04,0.04,10,10,1000,1e-06,gs.bp,False,10,gs_ckpt.bp,adios2.xml,False,False,image,1,settings-files.json,16,0.1,0.2,0.04,0.04,10,1000,1e-06,0.8551862239837646,1886,129200.0,247.0,6181.0,27.5
run-284.iteration-0,Linux,x86_64,1,1,2304.0,2217390080,2147479552,128,0.2,0.2,0.04,0.05,5,10,1000,1e-06,gs.bp,False,10,gs_ckpt.bp,adios2.xml,False,False,image,1,settings-files.json,128,0.2,0.2,0.04,0.05,5,1000,1e-06,65.07551527023315,258651,129200.0,247.0,8757.0,40.0
run-71.iteration-0,Linux,x86_64,1,1,2304.0,2217390080,2147479552,16,0.2,0.1,0.04,0.05,10,10,1000,1e-06,gs.bp,False,10,gs_ckpt.bp,adios2.xml,False,False,image,1,settings-files.json,16,0.2,0.1,0.04,0.05,10,1000,1e-06,0.9008519649505616,1998,129200.0,247.0,7005.0,40.0
run-87.iteration-0,Linux,x86_64,1,1,2304.0,2217390080,2147479552,16,0.2,0.2,0.04,0.04,10,10,100,1e-06,gs.bp,False,10,gs_ckpt.bp,adios2.xml,False,False,image,1,settings-files.json,16,0.2,0.2,0.04,0.04,10,100,1e-06,0.4918994903564453,621,129200.0,247.0,7506.0,40.0
run-234.iteration-0,Linux,x86_64,1,1,2304.0,2217390080,2147479552,128,0.1,0.2,0.04,0.05,5,10,100,1e-06,gs.bp,False,10,gs_ckpt.bp,adios2.xml,False,False,image,1,settings-files.json,128,0.1,0.2,0.04,0.05,5,100,1e-06,6.964369058609009,26384,129200.0,247.0,7005.0,40.0
run-252.iteration-0,Linux,x86_64,1,1,2304.0,2217390080,2147479552,128,0.2,0.1,0.04,0.04,5,10,100,1e-06,gs.bp,False,10,gs_ckpt.bp,adios2.xml,False,False,image,1,settings-files.json,128,0.2,0.1,0.04,0.04,5,100,1e-06,7.167252779006958,27166,129200.0,247.0,7506.0,55.0
run-265.iteration-0,Linux,x86_64,1,1,2304.0,2217390080,2147479552,128,0.2,0.2,0.01,0.04,5,10,500,1e-06,gs.bp,False,10,gs_ckpt.bp,adios2.xml,False,False,image,1,settings-files.json,128,0.2,0.2,0.01,0.04,5,500,1e-06,34.453004598617554,136164,129200.0,247.0,8083.0,55.0
run-61.iteration-0,Linux,x86_64,1,1,2304.0,2217390080,2147479552,16,0.2,0.1,0.04,0.04,5,10,500,1e-06,gs.bp,False,10,gs_ckpt.bp,adios2.xml,False,False,image,1,settings-files.json,16,0.2,0.1,0.04,0.04,5,500,1e-06,0.7557682991027832,1297,129200.0,247.0,7005.0,29.14
run-180.iteration-0,Linux,x86_64,1,1,2304.0,2217390080,2147479552,64,0.2,0.2,0.04,0.04,5,10,100,1e-06,gs.bp,False,10,gs_ckpt.bp,adios2.xml,False,False,image,1,settings-files.json,64,0.2,0.2,0.04,0.04,5,100,1e-06,1.5048234462738037,4491,129200.0,247.0,7005.0,40.0
run-79.iteration-0,Linux,x86_64,1,1,2304.0,2217390080,2147479552,16,0.2,0.2,0.01,0.05,5,10,500,1e-06,gs.bp,False,10,gs_ckpt.bp,adios2.xml,False,False,image,1,settings-files.json,16,0.2,0.2,0.01,0.05,5,500,1e-06,0.6475856304168701,1111,129200.0,247.0,6568.0,40.0
run-281.iteration-0,Linux,x86_64,1,1,2304.0,2217390080,2147479552,128,0.2,0.2,0.04,0.04,10,10,1000,1e-06,gs.bp,False,10,gs_ckpt.bp,adios2.xml,False,False,image,1,settings-files.json,128,0.2,0.2,0.04,0.04,10,1000,1e-06,64.57797837257385,256829,129200.0,247.0,7506.0,29.0
run-17.iteration-0,Linux,x86_64,1,1,2304.0,2217390080,2147479552,16,0.1,0.1,0.04,0.04,10,10,1000,1e-06,gs.bp,False,10,gs_ckpt.bp,adios2.xml,False,False,image,1,settings-files.json,16,0.1,0.1,0.04,0.04,10,1000,1e-06,0.8088035583496094,1699,129200.0,247.0,7506.0,34.0
run-250.iteration-0,Linux,x86_64,1,1,2304.0,2217390080,2147479552,128,0.2,0.1,0.01,0.05,10,10,500,1e-06,gs.bp,False,10,gs_ckpt.bp,adios2.xml,False,False,image,1,settings-files.json,128,0.2,0.1,0.01,0.05,10,500,1e-06,33.351536989212036,131797,129200.0,247.0,6568.0,40.0
run-15.iteration-0,Linux,x86_64,1,1,2304.0,2217390080,2147479552,16,0.1,0.1,0.04,0.04,10,10,100,1e-06,gs.bp,False,10,gs_ckpt.bp,adios2.xml,False,False,image,1,settings-files.json,16,0.1,0.1,0.04,0.04,10,100,1e-06,0.5505950450897217,749,129200.0,247.0,7005.0,40.0
run-215.iteration-0,Linux,x86_64,1,1,2304.0,2217390080,2147479552,128,0.1,0.1,0.04,0.05,10,10,1000,1e-06,gs.bp,False,10,gs_ckpt.bp,adios2.xml,False,False,image,1,settings-files.json,128,0.1,0.1,0.04,0.05,10,1000,1e-06,63.91126656532288,254056,129200.0,247.0,7005.0,33.83
run-101.iteration-0,Linux,x86_64,1,1,2304.0,2217390080,2147479552,64,0.1,0.1,0.01,0.04,10,10,1000,1e-06,gs.bp,False,10,gs_ckpt.bp,adios2.xml,False,False,image,1,settings-files.json,64,0.1,0.1,0.01,0.04,10,1000,1e-06,9.02481245994568,34631,129200.0,247.0,7506.0,27.5
run-98.iteration-0,Linux,x86_64,1,1,2304.0,2217390080,2147479552,64,0.1,0.1,0.01,0.04,5,10,1000,1e-06,gs.bp,False,10,gs_ckpt.bp,adios2.xml,False,False,image,1,settings-files.json,64,0.1,0.1,0.01,0.04,5,1000,1e-06,8.779275894165039,33718,129200.0,247.0,7005.0,55.0
run-45.iteration-0,Linux,x86_64,1,1,2304.0,2217390080,2147479552,16,0.1,0.2,0.04,0.05,10,10,100,1e-06,gs.bp,False,10,gs_ckpt.bp,adios2.xml,False,False,image,1,settings-files.json,16,0.1,0.2,0.04,0.05,10,100,1e-06,0.4905734062194824,628,129200.0,247.0,6568.0,29.0
run-35.iteration-0,Linux,x86_64,1,1,2304.0,2217390080,2147479552,16,0.1,0.2,0.01,0.05,10,10,1000,1e-06,gs.bp,False,10,gs_ckpt.bp,adios2.xml,False,False,image,1,settings-files.json,16,0.1,0.2,0.01,0.05,10,1000,1e-06,0.7960858345031738,1789,129200.0,247.0,7005.0,29.14
run-80.iteration-0,Linux,x86_64,1,1,2304.0,2217390080,2147479552,16,0.2,0.2,0.01,0.05,5,10,1000,1e-06,gs.bp,False,10,gs_ckpt.bp,adios2.xml,False,False,image,1,settings-files.json,16,0.2,0.2,0.01,0.05,5,1000,1e-06,0.7923247814178467,1672,129200.0,247.0,8083.0,27.5
run-115.iteration-0,Linux,x86_64,1,1,2304.0,2217390080,2147479552,64,0.1,0.1,0.04,0.05,5,10,500,1e-06,gs.bp,False,10,gs_ckpt.bp,adios2.xml,False,False,image,1,settings-files.json,64,0.1,0.1,0.04,0.05,5,500,1e-06,4.760919094085693,17526,129200.0,247.0,7005.0,27.5
run-37.iteration-0,Linux,x86_64,1,1,2304.0,2217390080,2147479552,16,0.1,0.2,0.04,0.04,5,10,500,1e-06,gs.bp,False,10,gs_ckpt.bp,adios2.xml,False,False,image,1,settings-files.json,16,0.1,0.2,0.04,0.04,5,500,1e-06,0.6474072933197021,1215,129200.0,247.0,7506.0,40.0
run-161.iteration-0,Linux,x86_64,1,1,2304.0,2217390080,2147479552,64,0.2,0.1,0.04,0.04,10,10,1000,1e-06,gs.bp,False,10,gs_ckpt.bp,adios2.xml,False,False,image,1,settings-files.json,64,0.2,0.1,0.04,0.04,10,1000,1e-06,8.824800252914429,33895,129200.0,247.0,7005.0,27.5
run-255.iteration-0,Linux,x86_64,1,1,2304.0,2217390080,2147479552,128,0.2,0.1,0.04,0.04,10,10,100,1e-06,gs.bp,False,10,gs_ckpt.bp,adios2.xml,False,False,image,1,settings-files.json,128,0.2,0.1,0.04,0.04,10,100,1e-06,7.518614292144775,28699,129200.0,247.0,7005.0,55.0
run-2.iteration-0,Linux,x86_64,1,1,2304.0,2217390080,2147479552,16,0.1,0.1,0.01,0.04,5,10,1000,1e-06,gs.bp,False,10,gs_ckpt.bp,adios2.xml,False,False,image,1,settings-files.json,16,0.1,0.1,0.01,0.04,5,1000,1e-06,0.8690452575683594,1921,129200.0,247.0,6568.0,29.0
run-187.iteration-0,Linux,x86_64,1,1,2304.0,2217390080,2147479552,64,0.2,0.2,0.04,0.05,5,10,500,1e-06,gs.bp,False,10,gs_ckpt.bp,adios2.xml,False,False,image,1,settings-files.json,64,0.2,0.2,0.04,0.05,5,500,1e-06,4.85201358795166,17952,129200.0,247.0,6568.0,27.5
run-21.iteration-0,Linux,x86_64,1,1,2304.0,2217390080,2147479552,16,0.1,0.1,0.04,0.05,10,10,100,1e-06,gs.bp,False,10,gs_ckpt.bp,adios2.xml,False,False,image,1,settings-files.json,16,0.1,0.1,0.04,0.05,10,100,1e-06,0.5463554859161377,630,129200.0,247.0,6568.0,29.0
run-249.iteration-0,Linux,x86_64,1,1,2304.0,2217390080,2147479552,128,0.2,0.1,0.01,0.05,10,10,100,1e-06,gs.bp,False,10,gs_ckpt.bp,adios2.xml,False,False,image,1,settings-files.json,128,0.2,0.1,0.01,0.05,10,100,1e-06,7.317290782928467,27703,129200.0,247.0,7005.0,40.0
run-53.iteration-0,Linux,x86_64,1,1,2304.0,2217390080,2147479552,16,0.2,0.1,0.01,0.04,10,10,1000,1e-06,gs.bp,False,10,gs_ckpt.bp,adios2.xml,False,False,image,1,settings-files.json,16,0.2,0.1,0.01,0.04,10,1000,1e-06,0.7946937084197998,1770,129200.0,247.0,5838.0,40.0
run-143.iteration-0,Linux,x86_64,1,1,2304.0,2217390080,2147479552,64,0.1,0.2,0.04,0.05,10,10,1000,1e-06,gs.bp,False,10,gs_ckpt.bp,adios2.xml,False,False,image,1,settings-files.json,64,0.1,0.2,0.04,0.05,10,1000,1e-06,8.681071996688843,33165,129200.0,247.0,6568.0,27.5
run-74.iteration-0,Linux,x86_64,1,1,2304.0,2217390080,2147479552,16,0.2,0.2,0.01,0.04,5,10,1000,1e-06,gs.bp,False,10,gs_ckpt.bp,adios2.xml,False,False,image,1,settings-files.json,16,0.2,0.2,0.01,0.04,5,1000,1e-06,0.8586995601654053,1932,129200.0,247.0,6568.0,27.5
run-228.iteration-0,Linux,x86_64,1,1,2304.0,2217390080,2147479552,128,0.1,0.2,0.04,0.04,5,10,100,1e-06,gs.bp,False,10,gs_ckpt.bp,adios2.xml,False,False,image,1,settings-files.json,128,0.1,0.2,0.04,0.04,5,100,1e-06,6.8194580078125,25729,129200.0,247.0,7506.0,55.0
run-114.iteration-0,Linux,x86_64,1,1,2304.0,2217390080,2147479552,64,0.1,0.1,0.04,0.05,5,10,100,1e-06,gs.bp,False,10,gs_ckpt.bp,adios2.xml,False,False,image,1,settings-files.json,64,0.1,0.1,0.04,0.05,5,100,1e-06,1.5007140636444092,4486,129200.0,247.0,8083.0,55.0
run-232.iteration-0,Linux,x86_64,1,1,2304.0,2217390080,2147479552,128,0.1,0.2,0.04,0.04,10,10,500,1e-06,gs.bp,False,10,gs_ckpt.bp,adios2.xml,False,False,image,1,settings-files.json,128,0.1,0.2,0.04,0.04,10,500,1e-06,31.81160259246826,125697,129200.0,247.0,7506.0,40.0
run-152.iteration-0,Linux,x86_64,1,1,2304.0,2217390080,2147479552,64,0.2,0.1,0.01,0.05,5,10,1000,1e-06,gs.bp,False,10,gs_ckpt.bp,adios2.xml,False,False,image,1,settings-files.json,64,0.2,0.1,0.01,0.05,5,1000,1e-06,8.977326393127441,34472,129200.0,247.0,6568.0,40.0
run-239.iteration-0,Linux,x86_64,1,1,2304.0,2217390080,2147479552,128,0.1,0.2,0.04,0.05,10,10,1000,1e-06,gs.bp,False,10,gs_ckpt.bp,adios2.xml,False,False,image,1,settings-files.json,128,0.1,0.2,0.04,0.05,10,1000,1e-06,63.32048225402832,251707,129200.0,247.0,7506.0,27.5
run-251.iteration-0,Linux,x86_64,1,1,2304.0,2217390080,2147479552,128,0.2,0.1,0.01,0.05,10,10,1000,1e-06,gs.bp,False,10,gs_ckpt.bp,adios2.xml,False,False,image,1,settings-files.json,128,0.2,0.1,0.01,0.05,10,1000,1e-06,65.73204064369202,261457,129200.0,247.0,7005.0,40.0
run-127.iteration-0,Linux,x86_64,1,1,2304.0,2217390080,2147479552,64,0.1,0.2,0.01,0.05,5,10,500,1e-06,gs.bp,False,10,gs_ckpt.bp,adios2.xml,False,False,image,1,settings-files.json,64,0.1,0.2,0.01,0.05,5,500,1e-06,4.6134514808654785,16921,129200.0,247.0,7506.0,27.5
run-128.iteration-0,Linux,x86_64,1,1,2304.0,2217390080,2147479552,64,0.1,0.2,0.01,0.05,5,10,1000,1e-06,gs.bp,False,10,gs_ckpt.bp,adios2.xml,False,False,image,1,settings-files.json,64,0.1,0.2,0.01,0.05,5,1000,1e-06,8.830447912216187,33800,129200.0,247.0,7506.0,40.0
run-122.iteration-0,Linux,x86_64,1,1,2304.0,2217390080,2147479552,64,0.1,0.2,0.01,0.04,5,10,1000,1e-06,gs.bp,False,10,gs_ckpt.bp,adios2.xml,False,False,image,1,settings-files.json,64,0.1,0.2,0.01,0.04,5,1000,1e-06,8.829817771911621,33857,129200.0,247.0,7506.0,55.0
run-220.iteration-0,Linux,x86_64,1,1,2304.0,2217390080,2147479552,128,0.1,0.2,0.01,0.04,10,10,500,1e-06,gs.bp,False,10,gs_ckpt.bp,adios2.xml,False,False,image,1,settings-files.json,128,0.1,0.2,0.01,0.04,10,500,1e-06,31.864551067352295,125905,129200.0,247.0,7506.0,40.0
run-7.iteration-0,Linux,x86_64,1,1,2304.0,2217390080,2147479552,16,0.1,0.1,0.01,0.05,5,10,500,1e-06,gs.bp,False,10,gs_ckpt.bp,adios2.xml,False,False,image,1,settings-files.json,16,0.1,0.1,0.01,0.05,5,500,1e-06,0.6514337062835693,1058,129200.0,247.0,7005.0,29.14
run-280.iteration-0,Linux,x86_64,1,1,2304.0,2217390080,2147479552,128,0.2,0.2,0.04,0.04,10,10,500,1e-06,gs.bp,False,10,gs_ckpt.bp,adios2.xml,False,False,image,1,settings-files.json,128,0.2,0.2,0.04,0.04,10,500,1e-06,32.684114933013916,129315,129200.0,247.0,8757.0,40.0
run-104.iteration-0,Linux,x86_64,1,1,2304.0,2217390080,2147479552,64,0.1,0.1,0.01,0.05,5,10,1000,1e-06,gs.bp,False,10,gs_ckpt.bp,adios2.xml,False,False,image,1,settings-files.json,64,0.1,0.1,0.01,0.05,5,1000,1e-06,9.078234672546388,34742,129200.0,247.0,7005.0,55.0
run-109.iteration-0,Linux,x86_64,1,1,2304.0,2217390080,2147479552,64,0.1,0.1,0.04,0.04,5,10,500,1e-06,gs.bp,False,10,gs_ckpt.bp,adios2.xml,False,False,image,1,settings-files.json,64,0.1,0.1,0.04,0.04,5,500,1e-06,4.8650877475738525,17860,129200.0,247.0,6181.0,40.0
run-43.iteration-0,Linux,x86_64,1,1,2304.0,2217390080,2147479552,16,0.1,0.2,0.04,0.05,5,10,500,1e-06,gs.bp,False,10,gs_ckpt.bp,adios2.xml,False,False,image,1,settings-files.json,16,0.1,0.2,0.04,0.05,5,500,1e-06,0.6993794441223145,1267,129200.0,247.0,7005.0,40.0
run-219.iteration-0,Linux,x86_64,1,1,2304.0,2217390080,2147479552,128,0.1,0.2,0.01,0.04,10,10,100,1e-06,gs.bp,False,10,gs_ckpt.bp,adios2.xml,False,False,image,1,settings-files.json,128,0.1,0.2,0.01,0.04,10,100,1e-06,6.915686368942261,26276,129200.0,247.0,7506.0,29.0
run-82.iteration-0,Linux,x86_64,1,1,2304.0,2217390080,2147479552,16,0.2,0.2,0.01,0.05,10,10,500,1e-06,gs.bp,False,10,gs_ckpt.bp,adios2.xml,False,False,image,1,settings-files.json,16,0.2,0.2,0.01,0.05,10,500,1e-06,0.7002196311950684,1193,129200.0,247.0,4674.0,29.14
run-238.iteration-0,Linux,x86_64,1,1,2304.0,2217390080,2147479552,128,0.1,0.2,0.04,0.05,10,10,500,1e-06,gs.bp,False,10,gs_ckpt.bp,adios2.xml,False,False,image,1,settings-files.json,128,0.1,0.2,0.04,0.05,10,500,1e-06,32.077117681503296,126803,129200.0,247.0,8083.0,29.0
run-33.iteration-0,Linux,x86_64,1,1,2304.0,2217390080,2147479552,16,0.1,0.2,0.01,0.05,10,10,100,1e-06,gs.bp,False,10,gs_ckpt.bp,adios2.xml,False,False,image,1,settings-files.json,16,0.1,0.2,0.01,0.05,10,100,1e-06,0.5442869663238525,751,129200.0,247.0,6181.0,29.0
run-237.iteration-0,Linux,x86_64,1,1,2304.0,2217390080,2147479552,128,0.1,0.2,0.04,0.05,10,10,100,1e-06,gs.bp,False,10,gs_ckpt.bp,adios2.xml,False,False,image,1,settings-files.json,128,0.1,0.2,0.04,0.05,10,100,1e-06,6.966386079788208,26350,129200.0,247.0,7005.0,33.83
run-208.iteration-0,Linux,x86_64,1,1,2304.0,2217390080,2147479552,128,0.1,0.1,0.04,0.04,10,10,500,1e-06,gs.bp,False,10,gs_ckpt.bp,adios2.xml,False,False,image,1,settings-files.json,128,0.1,0.1,0.04,0.04,10,500,1e-06,33.143434286117554,130986,129200.0,247.0,7506.0,40.0
run-275.iteration-0,Linux,x86_64,1,1,2304.0,2217390080,2147479552,128,0.2,0.2,0.01,0.05,10,10,1000,1e-06,gs.bp,False,10,gs_ckpt.bp,adios2.xml,False,False,image,1,settings-files.json,128,0.2,0.2,0.01,0.05,10,1000,1e-06,97.6530454158783,388933,129200.0,247.0,8083.0,27.5
run-282.iteration-0,Linux,x86_64,1,1,2304.0,2217390080,2147479552,128,0.2,0.2,0.04,0.05,5,10,100,1e-06,gs.bp,False,10,gs_ckpt.bp,adios2.xml,False,False,image,1,settings-files.json,128,0.2,0.2,0.04,0.05,5,100,1e-06,7.116306304931641,26830,129200.0,247.0,8083.0,55.0
run-94.iteration-0,Linux,x86_64,1,1,2304.0,2217390080,2147479552,16,0.2,0.2,0.04,0.05,10,10,500,1e-06,gs.bp,False,10,gs_ckpt.bp,adios2.xml,False,False,image,1,settings-files.json,16,0.2,0.2,0.04,0.05,10,500,1e-06,0.643080472946167,1190,129200.0,247.0,7005.0,29.0
run-142.iteration-0,Linux,x86_64,1,1,2304.0,2217390080,2147479552,64,0.1,0.2,0.04,0.05,10,10,500,1e-06,gs.bp,False,10,gs_ckpt.bp,adios2.xml,False,False,image,1,settings-files.json,64,0.1,0.2,0.04,0.05,10,500,1e-06,4.852895975112915,17932,129200.0,247.0,7005.0,27.5
run-36.iteration-0,Linux,x86_64,1,1,2304.0,2217390080,2147479552,16,0.1,0.2,0.04,0.04,5,10,100,1e-06,gs.bp,False,10,gs_ckpt.bp,adios2.xml,False,False,image,1,settings-files.json,16,0.1,0.2,0.04,0.04,5,100,1e-06,0.5477430820465088,777,129200.0,247.0,6181.0,40.0
run-155.iteration-0,Linux,x86_64,1,1,2304.0,2217390080,2147479552,64,0.2,0.1,0.01,0.05,10,10,1000,1e-06,gs.bp,False,10,gs_ckpt.bp,adios2.xml,False,False,image,1,settings-files.json,64,0.2,0.1,0.01,0.05,10,1000,1e-06,8.823662519454956,33663,129200.0,247.0,7506.0,40.0
run-286.iteration-0,Linux,x86_64,1,1,2304.0,2217390080,2147479552,128,0.2,0.2,0.04,0.05,10,10,500,1e-06,gs.bp,False,10,gs_ckpt.bp,adios2.xml,False,False,image,1,settings-files.json,128,0.2,0.2,0.04,0.05,10,500,1e-06,32.925215005874634,130313,129200.0,247.0,7789.0,29.0
run-270.iteration-0,Linux,x86_64,1,1,2304.0,2217390080,2147479552,128,0.2,0.2,0.01,0.05,5,10,100,1e-06,gs.bp,False,10,gs_ckpt.bp,adios2.xml,False,False,image,1,settings-files.json,128,0.2,0.2,0.01,0.05,5,100,1e-06,7.305974245071411,27734,129200.0,247.0,8083.0,27.5
run-103.iteration-0,Linux,x86_64,1,1,2304.0,2217390080,2147479552,64,0.1,0.1,0.01,0.05,5,10,500,1e-06,gs.bp,False,10,gs_ckpt.bp,adios2.xml,False,False,image,1,settings-files.json,64,0.1,0.1,0.01,0.05,5,500,1e-06,4.809648752212524,17591,129200.0,247.0,7005.0,40.0
run-31.iteration-0,Linux,x86_64,1,1,2304.0,2217390080,2147479552,16,0.1,0.2,0.01,0.05,5,10,500,1e-06,gs.bp,False,10,gs_ckpt.bp,adios2.xml,False,False,image,1,settings-files.json,16,0.1,0.2,0.01,0.05,5,500,1e-06,0.6434683799743652,1197,129200.0,247.0,8083.0,40.0
run-51.iteration-0,Linux,x86_64,1,1,2304.0,2217390080,2147479552,16,0.2,0.1,0.01,0.04,10,10,100,1e-06,gs.bp,False,10,gs_ckpt.bp,adios2.xml,False,False,image,1,settings-files.json,16,0.2,0.1,0.01,0.04,10,100,1e-06,0.5439624786376953,626,129200.0,247.0,6568.0,55.0
run-181.iteration-0,Linux,x86_64,1,1,2304.0,2217390080,2147479552,64,0.2,0.2,0.04,0.04,5,10,500,1e-06,gs.bp,False,10,gs_ckpt.bp,adios2.xml,False,False,image,1,settings-files.json,64,0.2,0.2,0.04,0.04,5,500,1e-06,4.962807655334473,18224,129200.0,247.0,6568.0,27.5
run-247.iteration-0,Linux,x86_64,1,1,2304.0,2217390080,2147479552,128,0.2,0.1,0.01,0.05,5,10,500,1e-06,gs.bp,False,10,gs_ckpt.bp,adios2.xml,False,False,image,1,settings-files.json,128,0.2,0.1,0.01,0.05,5,500,1e-06,32.05472207069397,126739,129200.0,247.0,7506.0,55.0
run-28.iteration-0,Linux,x86_64,1,1,2304.0,2217390080,2147479552,16,0.1,0.2,0.01,0.04,10,10,500,1e-06,gs.bp,False,10,gs_ckpt.bp,adios2.xml,False,False,image,1,settings-files.json,16,0.1,0.2,0.01,0.04,10,500,1e-06,0.7046349048614502,1227,129200.0,247.0,6568.0,27.5
run-148.iteration-0,Linux,x86_64,1,1,2304.0,2217390080,2147479552,64,0.2,0.1,0.01,0.04,10,10,500,1e-06,gs.bp,False,10,gs_ckpt.bp,adios2.xml,False,False,image,1,settings-files.json,64,0.2,0.1,0.01,0.04,10,500,1e-06,4.5554609298706055,16808,129200.0,247.0,7005.0,29.14
run-126.iteration-0,Linux,x86_64,1,1,2304.0,2217390080,2147479552,64,0.1,0.2,0.01,0.05,5,10,100,1e-06,gs.bp,False,10,gs_ckpt.bp,adios2.xml,False,False,image,1,settings-files.json,64,0.1,0.2,0.01,0.05,5,100,1e-06,1.5483946800231934,4725,129200.0,247.0,7506.0,55.0
run-52.iteration-0,Linux,x86_64,1,1,2304.0,2217390080,2147479552,16,0.2,0.1,0.01,0.04,10,10,500,1e-06,gs.bp,False,10,gs_ckpt.bp,adios2.xml,False,False,image,1,settings-files.json,16,0.2,0.1,0.01,0.04,10,500,1e-06,0.6977436542510986,1254,129200.0,247.0,6568.0,27.5
run-170.iteration-0,Linux,x86_64,1,1,2304.0,2217390080,2147479552,64,0.2,0.2,0.01,0.04,5,10,1000,1e-06,gs.bp,False,10,gs_ckpt.bp,adios2.xml,False,False,image,1,settings-files.json,64,0.2,0.2,0.01,0.04,5,1000,1e-06,8.725785970687866,33482,129200.0,247.0,7506.0,40.0
run-70.iteration-0,Linux,x86_64,1,1,2304.0,2217390080,2147479552,16,0.2,0.1,0.04,0.05,10,10,500,1e-06,gs.bp,False,10,gs_ckpt.bp,adios2.xml,False,False,image,1,settings-files.json,16,0.2,0.1,0.04,0.05,10,500,1e-06,0.7002880573272705,1271,129200.0,247.0,6181.0,29.0
run-198.iteration-0,Linux,x86_64,1,1,2304.0,2217390080,2147479552,128,0.1,0.1,0.01,0.05,5,10,100,1e-06,gs.bp,False,10,gs_ckpt.bp,adios2.xml,False,False,image,1,settings-files.json,128,0.1,0.1,0.01,0.05,5,100,1e-06,7.070877552032471,26685,129200.0,247.0,7506.0,29.0
run-166.iteration-0,Linux,x86_64,1,1,2304.0,2217390080,2147479552,64,0.2,0.1,0.04,0.05,10,10,500,1e-06,gs.bp,False,10,gs_ckpt.bp,adios2.xml,False,False,image,1,settings-files.json,64,0.2,0.1,0.04,0.05,10,500,1e-06,4.655019044876099,17069,129200.0,247.0,7005.0,27.5
run-139.iteration-0,Linux,x86_64,1,1,2304.0,2217390080,2147479552,64,0.1,0.2,0.04,0.05,5,10,500,1e-06,gs.bp,False,10,gs_ckpt.bp,adios2.xml,False,False,image,1,settings-files.json,64,0.1,0.2,0.04,0.05,5,500,1e-06,5.020831108093262,18462,129200.0,247.0,7005.0,27.5
run-192.iteration-0,Linux,x86_64,1,1,2304.0,2217390080,2147479552,128,0.1,0.1,0.01,0.04,5,10,100,1e-06,gs.bp,False,10,gs_ckpt.bp,adios2.xml,False,False,image,1,settings-files.json,128,0.1,0.1,0.01,0.04,5,100,1e-06,7.471020460128784,28150,129200.0,247.0,5838.0,40.0
run-267.iteration-0,Linux,x86_64,1,1,2304.0,2217390080,2147479552,128,0.2,0.2,0.01,0.04,10,10,100,1e-06,gs.bp,False,10,gs_ckpt.bp,adios2.xml,False,False,image,1,settings-files.json,128,0.2,0.2,0.01,0.04,10,100,1e-06,7.741045713424683,29368,129200.0,247.0,7506.0,27.5
run-217.iteration-0,Linux,x86_64,1,1,2304.0,2217390080,2147479552,128,0.1,0.2,0.01,0.04,5,10,500,1e-06,gs.bp,False,10,gs_ckpt.bp,adios2.xml,False,False,image,1,settings-files.json,128,0.1,0.2,0.01,0.04,5,500,1e-06,31.975250482559204,126555,129200.0,247.0,7005.0,55.0
run-158.iteration-0,Linux,x86_64,1,1,2304.0,2217390080,2147479552,64,0.2,0.1,0.04,0.04,5,10,1000,1e-06,gs.bp,False,10,gs_ckpt.bp,adios2.xml,False,False,image,1,settings-files.json,64,0.2,0.1,0.04,0.04,5,1000,1e-06,9.026732683181764,34603,129200.0,247.0,7506.0,40.0
run-135.iteration-0,Linux,x86_64,1,1,2304.0,2217390080,2147479552,64,0.1,0.2,0.04,0.04,10,10,100,1e-06,gs.bp,False,10,gs_ckpt.bp,adios2.xml,False,False,image,1,settings-files.json,64,0.1,0.2,0.04,0.04,10,100,1e-06,1.5075197219848633,4446,129200.0,247.0,7005.0,40.0
run-9.iteration-0,Linux,x86_64,1,1,2304.0,2217390080,2147479552,16,0.1,0.1,0.01,0.05,10,10,100,1e-06,gs.bp,False,10,gs_ckpt.bp,adios2.xml,False,False,image,1,settings-files.json,16,0.1,0.1,0.01,0.05,10,100,1e-06,0.5462586879730225,733,129200.0,247.0,7506.0,35.29
run-54.iteration-0,Linux,x86_64,1,1,2304.0,2217390080,2147479552,16,0.2,0.1,0.01,0.05,5,10,100,1e-06,gs.bp,False,10,gs_ckpt.bp,adios2.xml,False,False,image,1,settings-files.json,16,0.2,0.1,0.01,0.05,5,100,1e-06,0.5978798866271973,763,129200.0,247.0,7005.0,29.0
run-20.iteration-0,Linux,x86_64,1,1,2304.0,2217390080,2147479552,16,0.1,0.1,0.04,0.05,5,10,1000,1e-06,gs.bp,False,10,gs_ckpt.bp,adios2.xml,False,False,image,1,settings-files.json,16,0.1,0.1,0.04,0.05,5,1000,1e-06,0.8572189807891846,1876,129200.0,247.0,6568.0,40.0
run-56.iteration-0,Linux,x86_64,1,1,2304.0,2217390080,2147479552,16,0.2,0.1,0.01,0.05,5,10,1000,1e-06,gs.bp,False,10,gs_ckpt.bp,adios2.xml,False,False,image,1,settings-files.json,16,0.2,0.1,0.01,0.05,5,1000,1e-06,0.7974975109100342,1750,129200.0,247.0,6568.0,27.5
run-62.iteration-0,Linux,x86_64,1,1,2304.0,2217390080,2147479552,16,0.2,0.1,0.04,0.04,5,10,1000,1e-06,gs.bp,False,10,gs_ckpt.bp,adios2.xml,False,False,image,1,settings-files.json,16,0.2,0.1,0.04,0.04,5,1000,1e-06,0.8778305053710938,1882,129200.0,247.0,6568.0,40.0
run-40.iteration-0,Linux,x86_64,1,1,2304.0,2217390080,2147479552,16,0.1,0.2,0.04,0.04,10,10,500,1e-06,gs.bp,False,10,gs_ckpt.bp,adios2.xml,False,False,image,1,settings-files.json,16,0.1,0.2,0.04,0.04,10,500,1e-06,0.6974990367889404,1236,129200.0,247.0,6568.0,40.0
run-50.iteration-0,Linux,x86_64,1,1,2304.0,2217390080,2147479552,16,0.2,0.1,0.01,0.04,5,10,1000,1e-06,gs.bp,False,10,gs_ckpt.bp,adios2.xml,False,False,image,1,settings-files.json,16,0.2,0.1,0.01,0.04,5,1000,1e-06,0.8445918560028076,1883,129200.0,247.0,6568.0,40.0
run-156.iteration-0,Linux,x86_64,1,1,2304.0,2217390080,2147479552,64,0.2,0.1,0.04,0.04,5,10,100,1e-06,gs.bp,False,10,gs_ckpt.bp,adios2.xml,False,False,image,1,settings-files.json,64,0.2,0.1,0.04,0.04,5,100,1e-06,1.5553607940673828,4759,129200.0,247.0,6568.0,40.0
run-258.iteration-0,Linux,x86_64,1,1,2304.0,2217390080,2147479552,128,0.2,0.1,0.04,0.05,5,10,100,1e-06,gs.bp,False,10,gs_ckpt.bp,adios2.xml,False,False,image,1,settings-files.json,128,0.2,0.1,0.04,0.05,5,100,1e-06,7.261396408081055,27206,129200.0,247.0,9553.0,55.0
run-25.iteration-0,Linux,x86_64,1,1,2304.0,2217390080,2147479552,16,0.1,0.2,0.01,0.04,5,10,500,1e-06,gs.bp,False,10,gs_ckpt.bp,adios2.xml,False,False,image,1,settings-files.json,16,0.1,0.2,0.01,0.04,5,500,1e-06,0.6438310146331787,1120,129200.0,247.0,6568.0,27.5
run-13.iteration-0,Linux,x86_64,1,1,2304.0,2217390080,2147479552,16,0.1,0.1,0.04,0.04,5,10,500,1e-06,gs.bp,False,10,gs_ckpt.bp,adios2.xml,False,False,image,1,settings-files.json,16,0.1,0.1,0.04,0.04,5,500,1e-06,0.6507830619812012,1178,129200.0,247.0,7005.0,27.5
run-163.iteration-0,Linux,x86_64,1,1,2304.0,2217390080,2147479552,64,0.2,0.1,0.04,0.05,5,10,500,1e-06,gs.bp,False,10,gs_ckpt.bp,adios2.xml,False,False,image,1,settings-files.json,64,0.2,0.1,0.04,0.05,5,500,1e-06,5.008362293243408,18446,129200.0,247.0,7005.0,55.0
run-197.iteration-0,Linux,x86_64,1,1,2304.0,2217390080,2147479552,128,0.1,0.1,0.01,0.04,10,10,1000,1e-06,gs.bp,False,10,gs_ckpt.bp,adios2.xml,False,False,image,1,settings-files.json,128,0.1,0.1,0.01,0.04,10,1000,1e-06,66.85058569908142,265909,129200.0,247.0,6568.0,40.0
run-10.iteration-0,Linux,x86_64,1,1,2304.0,2217390080,2147479552,16,0.1,0.1,0.01,0.05,10,10,500,1e-06,gs.bp,False,10,gs_ckpt.bp,adios2.xml,False,False,image,1,settings-files.json,16,0.1,0.1,0.01,0.05,10,500,1e-06,0.6480679512023926,1069,129200.0,247.0,5004.0,40.0
run-4.iteration-0,Linux,x86_64,1,1,2304.0,2217390080,2147479552,16,0.1,0.1,0.01,0.04,10,10,500,1e-06,gs.bp,False,10,gs_ckpt.bp,adios2.xml,False,False,image,1,settings-files.json,16,0.1,0.1,0.01,0.04,10,500,1e-06,0.7021186351776123,1233,129200.0,247.0,5254.0,40.0
run-171.iteration-0,Linux,x86_64,1,1,2304.0,2217390080,2147479552,64,0.2,0.2,0.01,0.04,10,10,100,1e-06,gs.bp,False,10,gs_ckpt.bp,adios2.xml,False,False,image,1,settings-files.json,64,0.2,0.2,0.01,0.04,10,100,1e-06,1.5430068969726562,4640,129200.0,247.0,7506.0,40.0
run-268.iteration-0,Linux,x86_64,1,1,2304.0,2217390080,2147479552,128,0.2,0.2,0.01,0.04,10,10,500,1e-06,gs.bp,False,10,gs_ckpt.bp,adios2.xml,False,False,image,1,settings-files.json,128,0.2,0.2,0.01,0.04,10,500,1e-06,33.82228183746338,133689,129200.0,247.0,7506.0,40.0
run-3.iteration-0,Linux,x86_64,1,1,2304.0,2217390080,2147479552,16,0.1,0.1,0.01,0.04,10,10,100,1e-06,gs.bp,False,10,gs_ckpt.bp,adios2.xml,False,False,image,1,settings-files.json,16,0.1,0.1,0.01,0.04,10,100,1e-06,0.493638277053833,612,129200.0,247.0,7506.0,29.14
run-60.iteration-0,Linux,x86_64,1,1,2304.0,2217390080,2147479552,16,0.2,0.1,0.04,0.04,5,10,100,1e-06,gs.bp,False,10,gs_ckpt.bp,adios2.xml,False,False,image,1,settings-files.json,16,0.2,0.1,0.04,0.04,5,100,1e-06,0.5967588424682617,759,129200.0,247.0,6568.0,29.0
run-121.iteration-0,Linux,x86_64,1,1,2304.0,2217390080,2147479552,64,0.1,0.2,0.01,0.04,5,10,500,1e-06,gs.bp,False,10,gs_ckpt.bp,adios2.xml,False,False,image,1,settings-files.json,64,0.1,0.2,0.01,0.04,5,500,1e-06,4.8114635944366455,17725,129200.0,247.0,7506.0,27.5
run-259.iteration-0,Linux,x86_64,1,1,2304.0,2217390080,2147479552,128,0.2,0.1,0.04,0.05,5,10,500,1e-06,gs.bp,False,10,gs_ckpt.bp,adios2.xml,False,False,image,1,settings-files.json,128,0.2,0.1,0.04,0.05,5,500,1e-06,85.106116771698,338750,129200.0,247.0,7506.0,29.0
run-195.iteration-0,Linux,x86_64,1,1,2304.0,2217390080,2147479552,128,0.1,0.1,0.01,0.04,10,10,100,1e-06,gs.bp,False,10,gs_ckpt.bp,adios2.xml,False,False,image,1,settings-files.json,128,0.1,0.1,0.01,0.04,10,100,1e-06,7.319075107574463,27626,129200.0,247.0,7005.0,55.0
run-223.iteration-0,Linux,x86_64,1,1,2304.0,2217390080,2147479552,128,0.1,0.2,0.01,0.05,5,10,500,1e-06,gs.bp,False,10,gs_ckpt.bp,adios2.xml,False,False,image,1,settings-files.json,128,0.1,0.2,0.01,0.05,5,500,1e-06,31.794495820999146,125806,129200.0,247.0,7506.0,29.0
run-276.iteration-0,Linux,x86_64,1,1,2304.0,2217390080,2147479552,128,0.2,0.2,0.04,0.04,5,10,100,1e-06,gs.bp,False,10,gs_ckpt.bp,adios2.xml,False,False,image,1,settings-files.json,128,0.2,0.2,0.04,0.04,5,100,1e-06,7.216898679733276,27418,129200.0,247.0,8757.0,55.0
run-164.iteration-0,Linux,x86_64,1,1,2304.0,2217390080,2147479552,64,0.2,0.1,0.04,0.05,5,10,1000,1e-06,gs.bp,False,10,gs_ckpt.bp,adios2.xml,False,False,image,1,settings-files.json,64,0.2,0.1,0.04,0.05,5,1000,1e-06,9.22956371307373,35300,129200.0,247.0,6568.0,27.5
run-75.iteration-0,Linux,x86_64,1,1,2304.0,2217390080,2147479552,16,0.2,0.2,0.01,0.04,10,10,100,1e-06,gs.bp,False,10,gs_ckpt.bp,adios2.xml,False,False,image,1,settings-files.json,16,0.2,0.2,0.01,0.04,10,100,1e-06,0.5474445819854736,635,129200.0,247.0,7005.0,40.0
run-273.iteration-0,Linux,x86_64,1,1,2304.0,2217390080,2147479552,128,0.2,0.2,0.01,0.05,10,10,100,1e-06,gs.bp,False,10,gs_ckpt.bp,adios2.xml,False,False,image,1,settings-files.json,128,0.2,0.2,0.01,0.05,10,100,1e-06,7.0087316036224365,26464,129200.0,247.0,8757.0,55.0
run-185.iteration-0,Linux,x86_64,1,1,2304.0,2217390080,2147479552,64,0.2,0.2,0.04,0.04,10,10,1000,1e-06,gs.bp,False,10,gs_ckpt.bp,adios2.xml,False,False,image,1,settings-files.json,64,0.2,0.2,0.04,0.04,10,1000,1e-06,8.979588747024536,34327,129200.0,247.0,7005.0,27.5
run-118.iteration-0,Linux,x86_64,1,1,2304.0,2217390080,2147479552,64,0.1,0.1,0.04,0.05,10,10,500,1e-06,gs.bp,False,10,gs_ckpt.bp,adios2.xml,False,False,image,1,settings-files.json,64,0.1,0.1,0.04,0.05,10,500,1e-06,4.9154932498931885,18152,129200.0,247.0,7005.0,40.0
run-134.iteration-0,Linux,x86_64,1,1,2304.0,2217390080,2147479552,64,0.1,0.2,0.04,0.04,5,10,1000,1e-06,gs.bp,False,10,gs_ckpt.bp,adios2.xml,False,False,image,1,settings-files.json,64,0.1,0.2,0.04,0.04,5,1000,1e-06,8.87976336479187,33974,129200.0,247.0,7506.0,55.0
run-159.iteration-0,Linux,x86_64,1,1,2304.0,2217390080,2147479552,64,0.2,0.1,0.04,0.04,10,10,100,1e-06,gs.bp,False,10,gs_ckpt.bp,adios2.xml,False,False,image,1,settings-files.json,64,0.2,0.1,0.04,0.04,10,100,1e-06,1.5543773174285889,4671,129200.0,247.0,7005.0,29.0
run-55.iteration-0,Linux,x86_64,1,1,2304.0,2217390080,2147479552,16,0.2,0.1,0.01,0.05,5,10,500,1e-06,gs.bp,False,10,gs_ckpt.bp,adios2.xml,False,False,image,1,settings-files.json,16,0.2,0.1,0.01,0.05,5,500,1e-06,0.6505630016326904,1124,129200.0,247.0,7005.0,40.0
run-221.iteration-0,Linux,x86_64,1,1,2304.0,2217390080,2147479552,128,0.1,0.2,0.01,0.04,10,10,1000,1e-06,gs.bp,False,10,gs_ckpt.bp,adios2.xml,False,False,image,1,settings-files.json,128,0.1,0.2,0.01,0.04,10,1000,1e-06,62.814393520355225,249700,129200.0,247.0,7506.0,33.83
run-59.iteration-0,Linux,x86_64,1,1,2304.0,2217390080,2147479552,16,0.2,0.1,0.01,0.05,10,10,1000,1e-06,gs.bp,False,10,gs_ckpt.bp,adios2.xml,False,False,image,1,settings-files.json,16,0.2,0.1,0.01,0.05,10,1000,1e-06,0.8000073432922363,1739,129200.0,247.0,6181.0,40.0
run-57.iteration-0,Linux,x86_64,1,1,2304.0,2217390080,2147479552,16,0.2,0.1,0.01,0.05,10,10,100,1e-06,gs.bp,False,10,gs_ckpt.bp,adios2.xml,False,False,image,1,settings-files.json,16,0.2,0.1,0.01,0.05,10,100,1e-06,0.6042916774749756,763,129200.0,247.0,6568.0,40.0
run-183.iteration-0,Linux,x86_64,1,1,2304.0,2217390080,2147479552,64,0.2,0.2,0.04,0.04,10,10,100,1e-06,gs.bp,False,10,gs_ckpt.bp,adios2.xml,False,False,image,1,settings-files.json,64,0.2,0.2,0.04,0.04,10,100,1e-06,1.593899488449097,4900,129200.0,247.0,6568.0,25.5
run-97.iteration-0,Linux,x86_64,1,1,2304.0,2217390080,2147479552,64,0.1,0.1,0.01,0.04,5,10,500,1e-06,gs.bp,False,10,gs_ckpt.bp,adios2.xml,False,False,image,1,settings-files.json,64,0.1,0.1,0.01,0.04,5,500,1e-06,4.858912944793701,18036,129200.0,247.0,6568.0,29.14
run-189.iteration-0,Linux,x86_64,1,1,2304.0,2217390080,2147479552,64,0.2,0.2,0.04,0.05,10,10,100,1e-06,gs.bp,False,10,gs_ckpt.bp,adios2.xml,False,False,image,1,settings-files.json,64,0.2,0.2,0.04,0.05,10,100,1e-06,1.605177879333496,4845,129200.0,247.0,5838.0,55.0
run-16.iteration-0,Linux,x86_64,1,1,2304.0,2217390080,2147479552,16,0.1,0.1,0.04,0.04,10,10,500,1e-06,gs.bp,False,10,gs_ckpt.bp,adios2.xml,False,False,image,1,settings-files.json,16,0.1,0.1,0.04,0.04,10,500,1e-06,0.6550991535186768,1043,129200.0,247.0,7506.0,29.14
run-199.iteration-0,Linux,x86_64,1,1,2304.0,2217390080,2147479552,128,0.1,0.1,0.01,0.05,5,10,500,1e-06,gs.bp,False,10,gs_ckpt.bp,adios2.xml,False,False,image,1,settings-files.json,128,0.1,0.1,0.01,0.05,5,500,1e-06,33.30542612075806,131701,129200.0,247.0,6568.0,40.0
run-105.iteration-0,Linux,x86_64,1,1,2304.0,2217390080,2147479552,64,0.1,0.1,0.01,0.05,10,10,100,1e-06,gs.bp,False,10,gs_ckpt.bp,adios2.xml,False,False,image,1,settings-files.json,64,0.1,0.1,0.01,0.05,10,100,1e-06,1.5016593933105469,4633,129200.0,247.0,7005.0,40.0
run-207.iteration-0,Linux,x86_64,1,1,2304.0,2217390080,2147479552,128,0.1,0.1,0.04,0.04,10,10,100,1e-06,gs.bp,False,10,gs_ckpt.bp,adios2.xml,False,False,image,1,settings-files.json,128,0.1,0.1,0.04,0.04,10,100,1e-06,7.0708277225494385,26721,129200.0,247.0,5004.0,29.0
run-213.iteration-0,Linux,x86_64,1,1,2304.0,2217390080,2147479552,128,0.1,0.1,0.04,0.05,10,10,100,1e-06,gs.bp,False,10,gs_ckpt.bp,adios2.xml,False,False,image,1,settings-files.json,128,0.1,0.1,0.04,0.05,10,100,1e-06,6.859165668487549,26029,129200.0,247.0,7005.0,29.0
run-287.iteration-0,Linux,x86_64,1,1,2304.0,2217390080,2147479552,128,0.2,0.2,0.04,0.05,10,10,1000,1e-06,gs.bp,False,10,gs_ckpt.bp,adios2.xml,False,False,image,1,settings-files.json,128,0.2,0.2,0.04,0.05,10,1000,1e-06,68.56695199012756,272597,129200.0,247.0,7506.0,27.5
run-248.iteration-0,Linux,x86_64,1,1,2304.0,2217390080,2147479552,128,0.2,0.1,0.01,0.05,5,10,1000,1e-06,gs.bp,False,10,gs_ckpt.bp,adios2.xml,False,False,image,1,settings-files.json,128,0.2,0.1,0.01,0.05,5,1000,1e-06,68.66446256637573,273104,129200.0,247.0,7005.0,27.5
run-172.iteration-0,Linux,x86_64,1,1,2304.0,2217390080,2147479552,64,0.2,0.2,0.01,0.04,10,10,500,1e-06,gs.bp,False,10,gs_ckpt.bp,adios2.xml,False,False,image,1,settings-files.json,64,0.2,0.2,0.01,0.04,10,500,1e-06,4.549064874649048,16773,129200.0,247.0,7506.0,27.5
run-42.iteration-0,Linux,x86_64,1,1,2304.0,2217390080,2147479552,16,0.1,0.2,0.04,0.05,5,10,100,1e-06,gs.bp,False,10,gs_ckpt.bp,adios2.xml,False,False,image,1,settings-files.json,16,0.1,0.2,0.04,0.05,5,100,1e-06,0.5470633506774902,637,129200.0,247.0,7005.0,29.14
run-201.iteration-0,Linux,x86_64,1,1,2304.0,2217390080,2147479552,128,0.1,0.1,0.01,0.05,10,10,100,1e-06,gs.bp,False,10,gs_ckpt.bp,adios2.xml,False,False,image,1,settings-files.json,128,0.1,0.1,0.01,0.05,10,100,1e-06,7.27183985710144,27520,129200.0,247.0,7506.0,55.0
run-263.iteration-0,Linux,x86_64,1,1,2304.0,2217390080,2147479552,128,0.2,0.1,0.04,0.05,10,10,1000,1e-06,gs.bp,False,10,gs_ckpt.bp,adios2.xml,False,False,image,1,settings-files.json,128,0.2,0.1,0.04,0.05,10,1000,1e-06,65.77864146232605,261528,129200.0,247.0,8083.0,29.0
run-6.iteration-0,Linux,x86_64,1,1,2304.0,2217390080,2147479552,16,0.1,0.1,0.01,0.05,5,10,100,1e-06,gs.bp,False,10,gs_ckpt.bp,adios2.xml,False,False,image,1,settings-files.json,16,0.1,0.1,0.01,0.05,5,100,1e-06,0.4928469657897949,611,129200.0,247.0,7506.0,29.0
run-93.iteration-0,Linux,x86_64,1,1,2304.0,2217390080,2147479552,16,0.2,0.2,0.04,0.05,10,10,100,1e-06,gs.bp,False,10,gs_ckpt.bp,adios2.xml,False,False,image,1,settings-files.json,16,0.2,0.2,0.04,0.05,10,100,1e-06,0.5925612449645996,767,129200.0,247.0,5842.0,40.0
run-23.iteration-0,Linux,x86_64,1,1,2304.0,2217390080,2147479552,16,0.1,0.1,0.04,0.05,10,10,1000,1e-06,gs.bp,False,10,gs_ckpt.bp,adios2.xml,False,False,image,1,settings-files.json,16,0.1,0.1,0.04,0.05,10,1000,1e-06,0.8620293140411377,1881,129200.0,247.0,6568.0,29.14
run-179.iteration-0,Linux,x86_64,1,1,2304.0,2217390080,2147479552,64,0.2,0.2,0.01,0.05,10,10,1000,1e-06,gs.bp,False,10,gs_ckpt.bp,adios2.xml,False,False,image,1,settings-files.json,64,0.2,0.2,0.01,0.05,10,1000,1e-06,8.772280931472778,33568,129200.0,247.0,7506.0,29.14
run-279.iteration-0,Linux,x86_64,1,1,2304.0,2217390080,2147479552,128,0.2,0.2,0.04,0.04,10,10,100,1e-06,gs.bp,False,10,gs_ckpt.bp,adios2.xml,False,False,image,1,settings-files.json,128,0.2,0.2,0.04,0.04,10,100,1e-06,7.1611363887786865,27248,129200.0,247.0,7506.0,27.5
run-46.iteration-0,Linux,x86_64,1,1,2304.0,2217390080,2147479552,16,0.1,0.2,0.04,0.05,10,10,500,1e-06,gs.bp,False,10,gs_ckpt.bp,adios2.xml,False,False,image,1,settings-files.json,16,0.1,0.2,0.04,0.05,10,500,1e-06,0.6475629806518555,1105,129200.0,247.0,6568.0,40.0
run-123.iteration-0,Linux,x86_64,1,1,2304.0,2217390080,2147479552,64,0.1,0.2,0.01,0.04,10,10,100,1e-06,gs.bp,False,10,gs_ckpt.bp,adios2.xml,False,False,image,1,settings-files.json,64,0.1,0.2,0.01,0.04,10,100,1e-06,1.5582575798034668,4786,129200.0,247.0,6181.0,27.5
run-81.iteration-0,Linux,x86_64,1,1,2304.0,2217390080,2147479552,16,0.2,0.2,0.01,0.05,10,10,100,1e-06,gs.bp,False,10,gs_ckpt.bp,adios2.xml,False,False,image,1,settings-files.json,16,0.2,0.2,0.01,0.05,10,100,1e-06,0.5426986217498779,775,129200.0,247.0,6568.0,55.0
run-147.iteration-0,Linux,x86_64,1,1,2304.0,2217390080,2147479552,64,0.2,0.1,0.01,0.04,10,10,100,1e-06,gs.bp,False,10,gs_ckpt.bp,adios2.xml,False,False,image,1,settings-files.json,64,0.2,0.1,0.01,0.04,10,100,1e-06,1.4429256916046145,4274,129200.0,247.0,7506.0,27.5
run-272.iteration-0,Linux,x86_64,1,1,2304.0,2217390080,2147479552,128,0.2,0.2,0.01,0.05,5,10,1000,1e-06,gs.bp,False,10,gs_ckpt.bp,adios2.xml,False,False,image,1,settings-files.json,128,0.2,0.2,0.01,0.05,5,1000,1e-06,66.17957830429077,263348,129200.0,247.0,8083.0,33.83
run-146.iteration-0,Linux,x86_64,1,1,2304.0,2217390080,2147479552,64,0.2,0.1,0.01,0.04,5,10,1000,1e-06,gs.bp,False,10,gs_ckpt.bp,adios2.xml,False,False,image,1,settings-files.json,64,0.2,0.1,0.01,0.04,5,1000,1e-06,8.968220949172974,34288,129200.0,247.0,6568.0,40.0
run-83.iteration-0,Linux,x86_64,1,1,2304.0,2217390080,2147479552,16,0.2,0.2,0.01,0.05,10,10,1000,1e-06,gs.bp,False,10,gs_ckpt.bp,adios2.xml,False,False,image,1,settings-files.json,16,0.2,0.2,0.01,0.05,10,1000,1e-06,0.7992968559265137,1657,129200.0,247.0,7005.0,40.0
run-243.iteration-0,Linux,x86_64,1,1,2304.0,2217390080,2147479552,128,0.2,0.1,0.01,0.04,10,10,100,1e-06,gs.bp,False,10,gs_ckpt.bp,adios2.xml,False,False,image,1,settings-files.json,128,0.2,0.1,0.01,0.04,10,100,1e-06,6.962617635726929,26331,129200.0,247.0,7005.0,55.0
run-226.iteration-0,Linux,x86_64,1,1,2304.0,2217390080,2147479552,128,0.1,0.2,0.01,0.05,10,10,500,1e-06,gs.bp,False,10,gs_ckpt.bp,adios2.xml,False,False,image,1,settings-files.json,128,0.1,0.2,0.01,0.05,10,500,1e-06,31.99991250038147,126561,129200.0,247.0,7506.0,40.0
run-206.iteration-0,Linux,x86_64,1,1,2304.0,2217390080,2147479552,128,0.1,0.1,0.04,0.04,5,10,1000,1e-06,gs.bp,False,10,gs_ckpt.bp,adios2.xml,False,False,image,1,settings-files.json,128,0.1,0.1,0.04,0.04,5,1000,1e-06,65.98359513282776,262439,129200.0,247.0,7506.0,55.0
run-202.iteration-0,Linux,x86_64,1,1,2304.0,2217390080,2147479552,128,0.1,0.1,0.01,0.05,10,10,500,1e-06,gs.bp,False,10,gs_ckpt.bp,adios2.xml,False,False,image,1,settings-files.json,128,0.1,0.1,0.01,0.05,10,500,1e-06,33.01625370979309,130481,129200.0,247.0,7005.0,27.5
run-186.iteration-0,Linux,x86_64,1,1,2304.0,2217390080,2147479552,64,0.2,0.2,0.04,0.05,5,10,100,1e-06,gs.bp,False,10,gs_ckpt.bp,adios2.xml,False,False,image,1,settings-files.json,64,0.2,0.2,0.04,0.05,5,100,1e-06,1.5061578750610352,4554,129200.0,247.0,6568.0,27.5
run-242.iteration-0,Linux,x86_64,1,1,2304.0,2217390080,2147479552,128,0.2,0.1,0.01,0.04,5,10,1000,1e-06,gs.bp,False,10,gs_ckpt.bp,adios2.xml,False,False,image,1,settings-files.json,128,0.2,0.1,0.01,0.04,5,1000,1e-06,63.26135873794556,251564,129200.0,247.0,7506.0,27.5
run-66.iteration-0,Linux,x86_64,1,1,2304.0,2217390080,2147479552,16,0.2,0.1,0.04,0.05,5,10,100,1e-06,gs.bp,False,10,gs_ckpt.bp,adios2.xml,False,False,image,1,settings-files.json,16,0.2,0.1,0.04,0.05,5,100,1e-06,0.5991466045379639,778,129200.0,247.0,6568.0,29.0
run-47.iteration-0,Linux,x86_64,1,1,2304.0,2217390080,2147479552,16,0.1,0.2,0.04,0.05,10,10,1000,1e-06,gs.bp,False,10,gs_ckpt.bp,adios2.xml,False,False,image,1,settings-files.json,16,0.1,0.2,0.04,0.05,10,1000,1e-06,0.8527364730834961,1761,129200.0,247.0,5531.0,27.5
run-78.iteration-0,Linux,x86_64,1,1,2304.0,2217390080,2147479552,16,0.2,0.2,0.01,0.05,5,10,100,1e-06,gs.bp,False,10,gs_ckpt.bp,adios2.xml,False,False,image,1,settings-files.json,16,0.2,0.2,0.01,0.05,5,100,1e-06,0.5907514095306396,762,129200.0,247.0,6181.0,29.0
run-22.iteration-0,Linux,x86_64,1,1,2304.0,2217390080,2147479552,16,0.1,0.1,0.04,0.05,10,10,500,1e-06,gs.bp,False,10,gs_ckpt.bp,adios2.xml,False,False,image,1,settings-files.json,16,0.1,0.1,0.04,0.05,10,500,1e-06,0.6432530879974365,1096,129200.0,247.0,7005.0,40.0
run-38.iteration-0,Linux,x86_64,1,1,2304.0,2217390080,2147479552,16,0.1,0.2,0.04,0.04,5,10,1000,1e-06,gs.bp,False,10,gs_ckpt.bp,adios2.xml,False,False,image,1,settings-files.json,16,0.1,0.2,0.04,0.04,5,1000,1e-06,0.8038763999938965,1791,129200.0,247.0,7506.0,27.5
run-84.iteration-0,Linux,x86_64,1,1,2304.0,2217390080,2147479552,16,0.2,0.2,0.04,0.04,5,10,100,1e-06,gs.bp,False,10,gs_ckpt.bp,adios2.xml,False,False,image,1,settings-files.json,16,0.2,0.2,0.04,0.04,5,100,1e-06,0.5413627624511719,746,129200.0,247.0,6568.0,55.0
run-190.iteration-0,Linux,x86_64,1,1,2304.0,2217390080,2147479552,64,0.2,0.2,0.04,0.05,10,10,500,1e-06,gs.bp,False,10,gs_ckpt.bp,adios2.xml,False,False,image,1,settings-files.json,64,0.2,0.2,0.04,0.05,10,500,1e-06,4.967545747756958,18377,129200.0,247.0,6181.0,55.0
run-168.iteration-0,Linux,x86_64,1,1,2304.0,2217390080,2147479552,64,0.2,0.2,0.01,0.04,5,10,100,1e-06,gs.bp,False,10,gs_ckpt.bp,adios2.xml,False,False,image,1,settings-files.json,64,0.2,0.2,0.01,0.04,5,100,1e-06,1.551558256149292,4630,129200.0,247.0,6181.0,27.5
run-235.iteration-0,Linux,x86_64,1,1,2304.0,2217390080,2147479552,128,0.1,0.2,0.04,0.05,5,10,500,1e-06,gs.bp,False,10,gs_ckpt.bp,adios2.xml,False,False,image,1,settings-files.json,128,0.1,0.2,0.04,0.05,5,500,1e-06,31.85847330093384,126076,129200.0,247.0,7506.0,29.0
run-229.iteration-0,Linux,x86_64,1,1,2304.0,2217390080,2147479552,128,0.1,0.2,0.04,0.04,5,10,500,1e-06,gs.bp,False,10,gs_ckpt.bp,adios2.xml,False,False,image,1,settings-files.json,128,0.1,0.2,0.04,0.04,5,500,1e-06,32.15917491912842,127088,129200.0,247.0,4674.0,29.0
run-261.iteration-0,Linux,x86_64,1,1,2304.0,2217390080,2147479552,128,0.2,0.1,0.04,0.05,10,10,100,1e-06,gs.bp,False,10,gs_ckpt.bp,adios2.xml,False,False,image,1,settings-files.json,128,0.2,0.1,0.04,0.05,10,100,1e-06,7.32094407081604,27659,129200.0,247.0,7506.0,40.0
run-24.iteration-0,Linux,x86_64,1,1,2304.0,2217390080,2147479552,16,0.1,0.2,0.01,0.04,5,10,100,1e-06,gs.bp,False,10,gs_ckpt.bp,adios2.xml,False,False,image,1,settings-files.json,16,0.1,0.2,0.01,0.04,5,100,1e-06,0.5475738048553467,640,129200.0,247.0,7005.0,29.0
run-89.iteration-0,Linux,x86_64,1,1,2304.0,2217390080,2147479552,16,0.2,0.2,0.04,0.04,10,10,1000,1e-06,gs.bp,False,10,gs_ckpt.bp,adios2.xml,False,False,image,1,settings-files.json,16,0.2,0.2,0.04,0.04,10,1000,1e-06,0.7965800762176514,1660,129200.0,247.0,7506.0,40.0
run-236.iteration-0,Linux,x86_64,1,1,2304.0,2217390080,2147479552,128,0.1,0.2,0.04,0.05,5,10,1000,1e-06,gs.bp,False,10,gs_ckpt.bp,adios2.xml,False,False,image,1,settings-files.json,128,0.1,0.2,0.04,0.05,5,1000,1e-06,63.160581827163696,251226,129200.0,247.0,3895.0,40.0
run-32.iteration-0,Linux,x86_64,1,1,2304.0,2217390080,2147479552,16,0.1,0.2,0.01,0.05,5,10,1000,1e-06,gs.bp,False,10,gs_ckpt.bp,adios2.xml,False,False,image,1,settings-files.json,16,0.1,0.2,0.01,0.05,5,1000,1e-06,0.8566741943359375,1876,129200.0,247.0,7506.0,40.0
run-165.iteration-0,Linux,x86_64,1,1,2304.0,2217390080,2147479552,64,0.2,0.1,0.04,0.05,10,10,100,1e-06,gs.bp,False,10,gs_ckpt.bp,adios2.xml,False,False,image,1,settings-files.json,64,0.2,0.1,0.04,0.05,10,100,1e-06,1.504428148269653,4512,129200.0,247.0,7506.0,40.0
run-77.iteration-0,Linux,x86_64,1,1,2304.0,2217390080,2147479552,16,0.2,0.2,0.01,0.04,10,10,1000,1e-06,gs.bp,False,10,gs_ckpt.bp,adios2.xml,False,False,image,1,settings-files.json,16,0.2,0.2,0.01,0.04,10,1000,1e-06,0.8483538627624512,1847,129200.0,247.0,7506.0,40.0
run-191.iteration-0,Linux,x86_64,1,1,2304.0,2217390080,2147479552,64,0.2,0.2,0.04,0.05,10,10,1000,1e-06,gs.bp,False,10,gs_ckpt.bp,adios2.xml,False,False,image,1,settings-files.json,64,0.2,0.2,0.04,0.05,10,1000,1e-06,8.77395749092102,33564,129200.0,247.0,7506.0,55.0
run-137.iteration-0,Linux,x86_64,1,1,2304.0,2217390080,2147479552,64,0.1,0.2,0.04,0.04,10,10,1000,1e-06,gs.bp,False,10,gs_ckpt.bp,adios2.xml,False,False,image,1,settings-files.json,64,0.1,0.2,0.04,0.04,10,1000,1e-06,9.064775466918944,34789,129200.0,247.0,6568.0,55.0
run-99.iteration-0,Linux,x86_64,1,1,2304.0,2217390080,2147479552,64,0.1,0.1,0.01,0.04,10,10,100,1e-06,gs.bp,False,10,gs_ckpt.bp,adios2.xml,False,False,image,1,settings-files.json,64,0.1,0.1,0.01,0.04,10,100,1e-06,1.5079293251037598,4512,129200.0,247.0,7005.0,27.5
run-144.iteration-0,Linux,x86_64,1,1,2304.0,2217390080,2147479552,64,0.2,0.1,0.01,0.04,5,10,100,1e-06,gs.bp,False,10,gs_ckpt.bp,adios2.xml,False,False,image,1,settings-files.json,64,0.2,0.1,0.01,0.04,5,100,1e-06,1.50838041305542,4453,129200.0,247.0,7506.0,40.0
run-140.iteration-0,Linux,x86_64,1,1,2304.0,2217390080,2147479552,64,0.1,0.2,0.04,0.05,5,10,1000,1e-06,gs.bp,False,10,gs_ckpt.bp,adios2.xml,False,False,image,1,settings-files.json,64,0.1,0.2,0.04,0.05,5,1000,1e-06,9.074090719223022,34752,129200.0,247.0,6568.0,40.0
run-73.iteration-0,Linux,x86_64,1,1,2304.0,2217390080,2147479552,16,0.2,0.2,0.01,0.04,5,10,500,1e-06,gs.bp,False,10,gs_ckpt.bp,adios2.xml,False,False,image,1,settings-files.json,16,0.2,0.2,0.01,0.04,5,500,1e-06,0.6996924877166748,1264,129200.0,247.0,7005.0,27.5
run-256.iteration-0,Linux,x86_64,1,1,2304.0,2217390080,2147479552,128,0.2,0.1,0.04,0.04,10,10,500,1e-06,gs.bp,False,10,gs_ckpt.bp,adios2.xml,False,False,image,1,settings-files.json,128,0.2,0.1,0.04,0.04,10,500,1e-06,34.057732582092285,134599,129200.0,247.0,6568.0,27.5
run-160.iteration-0,Linux,x86_64,1,1,2304.0,2217390080,2147479552,64,0.2,0.1,0.04,0.04,10,10,500,1e-06,gs.bp,False,10,gs_ckpt.bp,adios2.xml,False,False,image,1,settings-files.json,64,0.2,0.1,0.04,0.04,10,500,1e-06,4.905930042266846,18054,129200.0,247.0,7005.0,40.0
run-111.iteration-0,Linux,x86_64,1,1,2304.0,2217390080,2147479552,64,0.1,0.1,0.04,0.04,10,10,100,1e-06,gs.bp,False,10,gs_ckpt.bp,adios2.xml,False,False,image,1,settings-files.json,64,0.1,0.1,0.04,0.04,10,100,1e-06,1.5571942329406738,4691,129200.0,247.0,7005.0,27.5
run-67.iteration-0,Linux,x86_64,1,1,2304.0,2217390080,2147479552,16,0.2,0.1,0.04,0.05,5,10,500,1e-06,gs.bp,False,10,gs_ckpt.bp,adios2.xml,False,False,image,1,settings-files.json,16,0.2,0.1,0.04,0.05,5,500,1e-06,0.6978445053100586,1291,129200.0,247.0,6181.0,27.5
run-173.iteration-0,Linux,x86_64,1,1,2304.0,2217390080,2147479552,64,0.2,0.2,0.01,0.04,10,10,1000,1e-06,gs.bp,False,10,gs_ckpt.bp,adios2.xml,False,False,image,1,settings-files.json,64,0.2,0.2,0.01,0.04,10,1000,1e-06,9.07390284538269,34831,129200.0,247.0,6568.0,27.5
run-174.iteration-0,Linux,x86_64,1,1,2304.0,2217390080,2147479552,64,0.2,0.2,0.01,0.05,5,10,100,1e-06,gs.bp,False,10,gs_ckpt.bp,adios2.xml,False,False,image,1,settings-files.json,64,0.2,0.2,0.01,0.05,5,100,1e-06,1.5460619926452637,4741,129200.0,247.0,7005.0,25.5
run-116.iteration-0,Linux,x86_64,1,1,2304.0,2217390080,2147479552,64,0.1,0.1,0.04,0.05,5,10,1000,1e-06,gs.bp,False,10,gs_ckpt.bp,adios2.xml,False,False,image,1,settings-files.json,64,0.1,0.1,0.04,0.05,5,1000,1e-06,8.87301754951477,34135,129200.0,247.0,6568.0,40.0
run-162.iteration-0,Linux,x86_64,1,1,2304.0,2217390080,2147479552,64,0.2,0.1,0.04,0.05,5,10,100,1e-06,gs.bp,False,10,gs_ckpt.bp,adios2.xml,False,False,image,1,settings-files.json,64,0.2,0.1,0.04,0.05,5,100,1e-06,1.5054852962493896,4416,129200.0,247.0,7506.0,29.14
run-274.iteration-0,Linux,x86_64,1,1,2304.0,2217390080,2147479552,128,0.2,0.2,0.01,0.05,10,10,500,1e-06,gs.bp,False,10,gs_ckpt.bp,adios2.xml,False,False,image,1,settings-files.json,128,0.2,0.2,0.01,0.05,10,500,1e-06,44.749107837677,172675,129200.0,247.0,5004.0,40.0
run-113.iteration-0,Linux,x86_64,1,1,2304.0,2217390080,2147479552,64,0.1,0.1,0.04,0.04,10,10,1000,1e-06,gs.bp,False,10,gs_ckpt.bp,adios2.xml,False,False,image,1,settings-files.json,64,0.1,0.1,0.04,0.04,10,1000,1e-06,8.984863758087158,34372,129200.0,247.0,7005.0,29.14
run-205.iteration-0,Linux,x86_64,1,1,2304.0,2217390080,2147479552,128,0.1,0.1,0.04,0.04,5,10,500,1e-06,gs.bp,False,10,gs_ckpt.bp,adios2.xml,False,False,image,1,settings-files.json,128,0.1,0.1,0.04,0.04,5,500,1e-06,33.15936803817749,131235,129200.0,247.0,8083.0,55.0
run-65.iteration-0,Linux,x86_64,1,1,2304.0,2217390080,2147479552,16,0.2,0.1,0.04,0.04,10,10,1000,1e-06,gs.bp,False,10,gs_ckpt.bp,adios2.xml,False,False,image,1,settings-files.json,16,0.2,0.1,0.04,0.04,10,1000,1e-06,0.8028697967529297,1737,129200.0,247.0,7005.0,27.5
run-117.iteration-0,Linux,x86_64,1,1,2304.0,2217390080,2147479552,64,0.1,0.1,0.04,0.05,10,10,100,1e-06,gs.bp,False,10,gs_ckpt.bp,adios2.xml,False,False,image,1,settings-files.json,64,0.1,0.1,0.04,0.05,10,100,1e-06,1.563061237335205,4676,129200.0,247.0,7005.0,27.5
run-131.iteration-0,Linux,x86_64,1,1,2304.0,2217390080,2147479552,64,0.1,0.2,0.01,0.05,10,10,1000,1e-06,gs.bp,False,10,gs_ckpt.bp,adios2.xml,False,False,image,1,settings-files.json,64,0.1,0.2,0.01,0.05,10,1000,1e-06,8.874452829360962,33865,129200.0,247.0,6568.0,40.0
run-30.iteration-0,Linux,x86_64,1,1,2304.0,2217390080,2147479552,16,0.1,0.2,0.01,0.05,5,10,100,1e-06,gs.bp,False,10,gs_ckpt.bp,adios2.xml,False,False,image,1,settings-files.json,16,0.1,0.2,0.01,0.05,5,100,1e-06,0.5492255687713623,779,129200.0,247.0,6568.0,29.0
run-95.iteration-0,Linux,x86_64,1,1,2304.0,2217390080,2147479552,16,0.2,0.2,0.04,0.05,10,10,1000,1e-06,gs.bp,False,10,gs_ckpt.bp,adios2.xml,False,False,image,1,settings-files.json,16,0.2,0.2,0.04,0.05,10,1000,1e-06,0.8608901500701904,1874,129200.0,247.0,7506.0,29.14
run-39.iteration-0,Linux,x86_64,1,1,2304.0,2217390080,2147479552,16,0.1,0.2,0.04,0.04,10,10,100,1e-06,gs.bp,False,10,gs_ckpt.bp,adios2.xml,False,False,image,1,settings-files.json,16,0.1,0.2,0.04,0.04,10,100,1e-06,0.5476593971252441,741,129200.0,247.0,7506.0,55.0
run-90.iteration-0,Linux,x86_64,1,1,2304.0,2217390080,2147479552,16,0.2,0.2,0.04,0.05,5,10,100,1e-06,gs.bp,False,10,gs_ckpt.bp,adios2.xml,False,False,image,1,settings-files.json,16,0.2,0.2,0.04,0.05,5,100,1e-06,0.544119119644165,740,129200.0,247.0,7506.0,40.0
run-196.iteration-0,Linux,x86_64,1,1,2304.0,2217390080,2147479552,128,0.1,0.1,0.01,0.04,10,10,500,1e-06,gs.bp,False,10,gs_ckpt.bp,adios2.xml,False,False,image,1,settings-files.json,128,0.1,0.1,0.01,0.04,10,500,1e-06,33.74887466430664,133322,129200.0,247.0,7005.0,27.5
run-102.iteration-0,Linux,x86_64,1,1,2304.0,2217390080,2147479552,64,0.1,0.1,0.01,0.05,5,10,100,1e-06,gs.bp,False,10,gs_ckpt.bp,adios2.xml,False,False,image,1,settings-files.json,64,0.1,0.1,0.01,0.05,5,100,1e-06,1.4473152160644531,4346,129200.0,247.0,6568.0,55.0
run-11.iteration-0,Linux,x86_64,1,1,2304.0,2217390080,2147479552,16,0.1,0.1,0.01,0.05,10,10,1000,1e-06,gs.bp,False,10,gs_ckpt.bp,adios2.xml,False,False,image,1,settings-files.json,16,0.1,0.1,0.01,0.05,10,1000,1e-06,0.8478572368621826,1796,129200.0,247.0,7005.0,29.14
run-254.iteration-0,Linux,x86_64,1,1,2304.0,2217390080,2147479552,128,0.2,0.1,0.04,0.04,5,10,1000,1e-06,gs.bp,False,10,gs_ckpt.bp,adios2.xml,False,False,image,1,settings-files.json,128,0.2,0.1,0.04,0.04,5,1000,1e-06,67.6013433933258,268789,129200.0,247.0,6568.0,27.5
run-100.iteration-0,Linux,x86_64,1,1,2304.0,2217390080,2147479552,64,0.1,0.1,0.01,0.04,10,10,500,1e-06,gs.bp,False,10,gs_ckpt.bp,adios2.xml,False,False,image,1,settings-files.json,64,0.1,0.1,0.01,0.04,10,500,1e-06,4.914607524871826,18280,129200.0,247.0,7005.0,40.0
run-222.iteration-0,Linux,x86_64,1,1,2304.0,2217390080,2147479552,128,0.1,0.2,0.01,0.05,5,10,100,1e-06,gs.bp,False,10,gs_ckpt.bp,adios2.xml,False,False,image,1,settings-files.json,128,0.1,0.2,0.01,0.05,5,100,1e-06,7.030315399169922,26590,129200.0,247.0,7506.0,29.0
run-88.iteration-0,Linux,x86_64,1,1,2304.0,2217390080,2147479552,16,0.2,0.2,0.04,0.04,10,10,500,1e-06,gs.bp,False,10,gs_ckpt.bp,adios2.xml,False,False,image,1,settings-files.json,16,0.2,0.2,0.04,0.04,10,500,1e-06,0.6548178195953369,1090,129200.0,247.0,8083.0,40.0
run-119.iteration-0,Linux,x86_64,1,1,2304.0,2217390080,2147479552,64,0.1,0.1,0.04,0.05,10,10,1000,1e-06,gs.bp,False,10,gs_ckpt.bp,adios2.xml,False,False,image,1,settings-files.json,64,0.1,0.1,0.04,0.05,10,1000,1e-06,8.965439796447754,34374,129200.0,247.0,7506.0,29.14
run-108.iteration-0,Linux,x86_64,1,1,2304.0,2217390080,2147479552,64,0.1,0.1,0.04,0.04,5,10,100,1e-06,gs.bp,False,10,gs_ckpt.bp,adios2.xml,False,False,image,1,settings-files.json,64,0.1,0.1,0.04,0.04,5,100,1e-06,1.4493560791015625,4321,129200.0,247.0,7506.0,55.0
run-136.iteration-0,Linux,x86_64,1,1,2304.0,2217390080,2147479552,64,0.1,0.2,0.04,0.04,10,10,500,1e-06,gs.bp,False,10,gs_ckpt.bp,adios2.xml,False,False,image,1,settings-files.json,64,0.1,0.2,0.04,0.04,10,500,1e-06,4.804117918014526,17696,129200.0,247.0,4674.0,40.0
run-211.iteration-0,Linux,x86_64,1,1,2304.0,2217390080,2147479552,128,0.1,0.1,0.04,0.05,5,10,500,1e-06,gs.bp,False,10,gs_ckpt.bp,adios2.xml,False,False,image,1,settings-files.json,128,0.1,0.1,0.04,0.05,5,500,1e-06,32.92541146278381,130108,129200.0,247.0,7005.0,55.0
run-48.iteration-0,Linux,x86_64,1,1,2304.0,2217390080,2147479552,16,0.2,0.1,0.01,0.04,5,10,100,1e-06,gs.bp,False,10,gs_ckpt.bp,adios2.xml,False,False,image,1,settings-files.json,16,0.2,0.1,0.01,0.04,5,100,1e-06,0.5416748523712158,638,129200.0,247.0,5842.0,40.0
run-240.iteration-0,Linux,x86_64,1,1,2304.0,2217390080,2147479552,128,0.2,0.1,0.01,0.04,5,10,100,1e-06,gs.bp,False,10,gs_ckpt.bp,adios2.xml,False,False,image,1,settings-files.json,128,0.2,0.1,0.01,0.04,5,100,1e-06,7.025030851364136,26558,129200.0,247.0,7506.0,33.83
run-72.iteration-0,Linux,x86_64,1,1,2304.0,2217390080,2147479552,16,0.2,0.2,0.01,0.04,5,10,100,1e-06,gs.bp,False,10,gs_ckpt.bp,adios2.xml,False,False,image,1,settings-files.json,16,0.2,0.2,0.01,0.04,5,100,1e-06,0.5909934043884277,765,129200.0,247.0,5838.0,40.0
run-285.iteration-0,Linux,x86_64,1,1,2304.0,2217390080,2147479552,128,0.2,0.2,0.04,0.05,10,10,100,1e-06,gs.bp,False,10,gs_ckpt.bp,adios2.xml,False,False,image,1,settings-files.json,128,0.2,0.2,0.04,0.05,10,100,1e-06,6.910010814666748,26115,129200.0,247.0,7789.0,29.0
run-0.iteration-0,Linux,x86_64,1,1,2304.0,2217390080,2147479552,16,0.1,0.1,0.01,0.04,5,10,100,1e-06,gs.bp,False,10,gs_ckpt.bp,adios2.xml,False,False,image,1,settings-files.json,16,0.1,0.1,0.01,0.04,5,100,1e-06,0.7929949760437012,1253,129200.0,247.0,10510.0,40.0
run-209.iteration-0,Linux,x86_64,1,1,2304.0,2217390080,2147479552,128,0.1,0.1,0.04,0.04,10,10,1000,1e-06,gs.bp,False,10,gs_ckpt.bp,adios2.xml,False,False,image,1,settings-files.json,128,0.1,0.1,0.04,0.04,10,1000,1e-06,65.58526635169983,260875,129200.0,247.0,3623.0,29.0
run-167.iteration-0,Linux,x86_64,1,1,2304.0,2217390080,2147479552,64,0.2,0.1,0.04,0.05,10,10,1000,1e-06,gs.bp,False,10,gs_ckpt.bp,adios2.xml,False,False,image,1,settings-files.json,64,0.2,0.1,0.04,0.05,10,1000,1e-06,8.822555780410767,33751,129200.0,247.0,7506.0,40.0
run-194.iteration-0,Linux,x86_64,1,1,2304.0,2217390080,2147479552,128,0.1,0.1,0.01,0.04,5,10,1000,1e-06,gs.bp,False,10,gs_ckpt.bp,adios2.xml,False,False,image,1,settings-files.json,128,0.1,0.1,0.01,0.04,5,1000,1e-06,68.25161910057068,271442,129200.0,247.0,6568.0,55.0
run-129.iteration-0,Linux,x86_64,1,1,2304.0,2217390080,2147479552,64,0.1,0.2,0.01,0.05,10,10,100,1e-06,gs.bp,False,10,gs_ckpt.bp,adios2.xml,False,False,image,1,settings-files.json,64,0.1,0.2,0.01,0.05,10,100,1e-06,1.4501686096191406,4310,129200.0,247.0,7506.0,40.0
run-188.iteration-0,Linux,x86_64,1,1,2304.0,2217390080,2147479552,64,0.2,0.2,0.04,0.05,5,10,1000,1e-06,gs.bp,False,10,gs_ckpt.bp,adios2.xml,False,False,image,1,settings-files.json,64,0.2,0.2,0.04,0.05,5,1000,1e-06,8.92391562461853,34133,129200.0,247.0,6568.0,27.5
run-69.iteration-0,Linux,x86_64,1,1,2304.0,2217390080,2147479552,16,0.2,0.1,0.04,0.05,10,10,100,1e-06,gs.bp,False,10,gs_ckpt.bp,adios2.xml,False,False,image,1,settings-files.json,16,0.2,0.1,0.04,0.05,10,100,1e-06,0.5434138774871826,634,129200.0,247.0,7005.0,40.0
run-214.iteration-0,Linux,x86_64,1,1,2304.0,2217390080,2147479552,128,0.1,0.1,0.04,0.05,10,10,500,1e-06,gs.bp,False,10,gs_ckpt.bp,adios2.xml,False,False,image,1,settings-files.json,128,0.1,0.1,0.04,0.05,10,500,1e-06,31.692999601364136,125341,129200.0,247.0,7005.0,33.83
run-86.iteration-0,Linux,x86_64,1,1,2304.0,2217390080,2147479552,16,0.2,0.2,0.04,0.04,5,10,1000,1e-06,gs.bp,False,10,gs_ckpt.bp,adios2.xml,False,False,image,1,settings-files.json,16,0.2,0.2,0.04,0.04,5,1000,1e-06,0.8117280006408691,1802,129200.0,247.0,7005.0,55.0
run-130.iteration-0,Linux,x86_64,1,1,2304.0,2217390080,2147479552,64,0.1,0.2,0.01,0.05,10,10,500,1e-06,gs.bp,False,10,gs_ckpt.bp,adios2.xml,False,False,image,1,settings-files.json,64,0.1,0.2,0.01,0.05,10,500,1e-06,4.9734673500061035,18307,129200.0,247.0,6181.0,27.5
run-200.iteration-0,Linux,x86_64,1,1,2304.0,2217390080,2147479552,128,0.1,0.1,0.01,0.05,5,10,1000,1e-06,gs.bp,False,10,gs_ckpt.bp,adios2.xml,False,False,image,1,settings-files.json,128,0.1,0.1,0.01,0.05,5,1000,1e-06,70.5296938419342,280537,129200.0,247.0,7506.0,33.83
run-125.iteration-0,Linux,x86_64,1,1,2304.0,2217390080,2147479552,64,0.1,0.2,0.01,0.04,10,10,1000,1e-06,gs.bp,False,10,gs_ckpt.bp,adios2.xml,False,False,image,1,settings-files.json,64,0.1,0.2,0.01,0.04,10,1000,1e-06,8.864845752716064,33964,129200.0,247.0,7005.0,27.5
run-92.iteration-0,Linux,x86_64,1,1,2304.0,2217390080,2147479552,16,0.2,0.2,0.04,0.05,5,10,1000,1e-06,gs.bp,False,10,gs_ckpt.bp,adios2.xml,False,False,image,1,settings-files.json,16,0.2,0.2,0.04,0.05,5,1000,1e-06,0.8029320240020752,1751,129200.0,247.0,7506.0,27.5
run-124.iteration-0,Linux,x86_64,1,1,2304.0,2217390080,2147479552,64,0.1,0.2,0.01,0.04,10,10,500,1e-06,gs.bp,False,10,gs_ckpt.bp,adios2.xml,False,False,image,1,settings-files.json,64,0.1,0.2,0.01,0.04,10,500,1e-06,4.709389686584473,17449,129200.0,247.0,6568.0,40.0
run-112.iteration-0,Linux,x86_64,1,1,2304.0,2217390080,2147479552,64,0.1,0.1,0.04,0.04,10,10,500,1e-06,gs.bp,False,10,gs_ckpt.bp,adios2.xml,False,False,image,1,settings-files.json,64,0.1,0.1,0.04,0.04,10,500,1e-06,4.86887001991272,17963,129200.0,247.0,7005.0,40.0
run-271.iteration-0,Linux,x86_64,1,1,2304.0,2217390080,2147479552,128,0.2,0.2,0.01,0.05,5,10,500,1e-06,gs.bp,False,10,gs_ckpt.bp,adios2.xml,False,False,image,1,settings-files.json,128,0.2,0.2,0.01,0.05,5,500,1e-06,33.52702331542969,132530,129200.0,247.0,8083.0,40.0
run-8.iteration-0,Linux,x86_64,1,1,2304.0,2217390080,2147479552,16,0.1,0.1,0.01,0.05,5,10,1000,1e-06,gs.bp,False,10,gs_ckpt.bp,adios2.xml,False,False,image,1,settings-files.json,16,0.1,0.1,0.01,0.05,5,1000,1e-06,0.751570463180542,1675,129200.0,247.0,7506.0,40.0
run-110.iteration-0,Linux,x86_64,1,1,2304.0,2217390080,2147479552,64,0.1,0.1,0.04,0.04,5,10,1000,1e-06,gs.bp,False,10,gs_ckpt.bp,adios2.xml,False,False,image,1,settings-files.json,64,0.1,0.1,0.04,0.04,5,1000,1e-06,8.875413656234741,34089,129200.0,247.0,7506.0,29.14
run-231.iteration-0,Linux,x86_64,1,1,2304.0,2217390080,2147479552,128,0.1,0.2,0.04,0.04,10,10,100,1e-06,gs.bp,False,10,gs_ckpt.bp,adios2.xml,False,False,image,1,settings-files.json,128,0.1,0.2,0.04,0.04,10,100,1e-06,6.921372175216675,26148,129200.0,247.0,7506.0,40.0
run-141.iteration-0,Linux,x86_64,1,1,2304.0,2217390080,2147479552,64,0.1,0.2,0.04,0.05,10,10,100,1e-06,gs.bp,False,10,gs_ckpt.bp,adios2.xml,False,False,image,1,settings-files.json,64,0.1,0.2,0.04,0.05,10,100,1e-06,1.5995736122131348,4797,129200.0,247.0,6568.0,27.5
run-210.iteration-0,Linux,x86_64,1,1,2304.0,2217390080,2147479552,128,0.1,0.1,0.04,0.05,5,10,100,1e-06,gs.bp,False,10,gs_ckpt.bp,adios2.xml,False,False,image,1,settings-files.json,128,0.1,0.1,0.04,0.05,5,100,1e-06,7.312260627746582,27643,129200.0,247.0,7005.0,55.0
run-58.iteration-0,Linux,x86_64,1,1,2304.0,2217390080,2147479552,16,0.2,0.1,0.01,0.05,10,10,500,1e-06,gs.bp,False,10,gs_ckpt.bp,adios2.xml,False,False,image,1,settings-files.json,16,0.2,0.1,0.01,0.05,10,500,1e-06,0.7529191970825195,1359,129200.0,247.0,6568.0,27.5
run-1.iteration-0,Linux,x86_64,1,1,2304.0,2217390080,2147479552,16,0.1,0.1,0.01,0.04,5,10,500,1e-06,gs.bp,False,10,gs_ckpt.bp,adios2.xml,False,False,image,1,settings-files.json,16,0.1,0.1,0.01,0.04,5,500,1e-06,0.6978809833526611,1228,129200.0,247.0,7005.0,40.0
run-138.iteration-0,Linux,x86_64,1,1,2304.0,2217390080,2147479552,64,0.1,0.2,0.04,0.05,5,10,100,1e-06,gs.bp,False,10,gs_ckpt.bp,adios2.xml,False,False,image,1,settings-files.json,64,0.1,0.2,0.04,0.05,5,100,1e-06,1.5988473892211914,4763,129200.0,247.0,6568.0,40.0
run-193.iteration-0,Linux,x86_64,1,1,2304.0,2217390080,2147479552,128,0.1,0.1,0.01,0.04,5,10,500,1e-06,gs.bp,False,10,gs_ckpt.bp,adios2.xml,False,False,image,1,settings-files.json,128,0.1,0.1,0.01,0.04,5,500,1e-06,33.8051974773407,133740,129200.0,247.0,7506.0,27.5
run-154.iteration-0,Linux,x86_64,1,1,2304.0,2217390080,2147479552,64,0.2,0.1,0.01,0.05,10,10,500,1e-06,gs.bp,False,10,gs_ckpt.bp,adios2.xml,False,False,image,1,settings-files.json,64,0.2,0.1,0.01,0.05,10,500,1e-06,4.8084330558776855,17698,129200.0,247.0,7005.0,27.5
run-257.iteration-0,Linux,x86_64,1,1,2304.0,2217390080,2147479552,128,0.2,0.1,0.04,0.04,10,10,1000,1e-06,gs.bp,False,10,gs_ckpt.bp,adios2.xml,False,False,image,1,settings-files.json,128,0.2,0.1,0.04,0.04,10,1000,1e-06,67.29227948188782,267600,129200.0,247.0,8083.0,33.83
run-262.iteration-0,Linux,x86_64,1,1,2304.0,2217390080,2147479552,128,0.2,0.1,0.04,0.05,10,10,500,1e-06,gs.bp,False,10,gs_ckpt.bp,adios2.xml,False,False,image,1,settings-files.json,128,0.2,0.1,0.04,0.05,10,500,1e-06,33.13763666152954,131018,129200.0,247.0,7506.0,55.0
run-153.iteration-0,Linux,x86_64,1,1,2304.0,2217390080,2147479552,64,0.2,0.1,0.01,0.05,10,10,100,1e-06,gs.bp,False,10,gs_ckpt.bp,adios2.xml,False,False,image,1,settings-files.json,64,0.2,0.1,0.01,0.05,10,100,1e-06,1.457432985305786,4416,129200.0,247.0,7506.0,55.0
run-277.iteration-0,Linux,x86_64,1,1,2304.0,2217390080,2147479552,128,0.2,0.2,0.04,0.04,5,10,500,1e-06,gs.bp,False,10,gs_ckpt.bp,adios2.xml,False,False,image,1,settings-files.json,128,0.2,0.2,0.04,0.04,5,500,1e-06,32.736175537109375,129597,129200.0,247.0,8083.0,55.0
run-224.iteration-0,Linux,x86_64,1,1,2304.0,2217390080,2147479552,128,0.1,0.2,0.01,0.05,5,10,1000,1e-06,gs.bp,False,10,gs_ckpt.bp,adios2.xml,False,False,image,1,settings-files.json,128,0.1,0.2,0.01,0.05,5,1000,1e-06,63.15843653678894,251048,129200.0,247.0,7506.0,55.0
run-278.iteration-0,Linux,x86_64,1,1,2304.0,2217390080,2147479552,128,0.2,0.2,0.04,0.04,5,10,1000,1e-06,gs.bp,False,10,gs_ckpt.bp,adios2.xml,False,False,image,1,settings-files.json,128,0.2,0.2,0.04,0.04,5,1000,1e-06,65.18446969985962,259114,129200.0,247.0,8083.0,55.0
run-216.iteration-0,Linux,x86_64,1,1,2304.0,2217390080,2147479552,128,0.1,0.2,0.01,0.04,5,10,100,1e-06,gs.bp,False,10,gs_ckpt.bp,adios2.xml,False,False,image,1,settings-files.json,128,0.1,0.2,0.01,0.04,5,100,1e-06,6.862425804138184,26044,129200.0,247.0,6568.0,55.0
run-241.iteration-0,Linux,x86_64,1,1,2304.0,2217390080,2147479552,128,0.2,0.1,0.01,0.04,5,10,500,1e-06,gs.bp,False,10,gs_ckpt.bp,adios2.xml,False,False,image,1,settings-files.json,128,0.2,0.1,0.01,0.04,5,500,1e-06,31.802206993103027,125741,129200.0,247.0,7506.0,33.83
run-27.iteration-0,Linux,x86_64,1,1,2304.0,2217390080,2147479552,16,0.1,0.2,0.01,0.04,10,10,100,1e-06,gs.bp,False,10,gs_ckpt.bp,adios2.xml,False,False,image,1,settings-files.json,16,0.1,0.2,0.01,0.04,10,100,1e-06,0.5465140342712402,656,129200.0,247.0,6568.0,40.0
run-149.iteration-0,Linux,x86_64,1,1,2304.0,2217390080,2147479552,64,0.2,0.1,0.01,0.04,10,10,1000,1e-06,gs.bp,False,10,gs_ckpt.bp,adios2.xml,False,False,image,1,settings-files.json,64,0.2,0.1,0.01,0.04,10,1000,1e-06,9.177604913711548,35091,129200.0,247.0,6568.0,40.0
run-64.iteration-0,Linux,x86_64,1,1,2304.0,2217390080,2147479552,16,0.2,0.1,0.04,0.04,10,10,500,1e-06,gs.bp,False,10,gs_ckpt.bp,adios2.xml,False,False,image,1,settings-files.json,16,0.2,0.1,0.04,0.04,10,500,1e-06,0.694624662399292,1273,129200.0,247.0,6181.0,29.0
run-246.iteration-0,Linux,x86_64,1,1,2304.0,2217390080,2147479552,128,0.2,0.1,0.01,0.05,5,10,100,1e-06,gs.bp,False,10,gs_ckpt.bp,adios2.xml,False,False,image,1,settings-files.json,128,0.2,0.1,0.01,0.05,5,100,1e-06,7.059494733810425,26764,129200.0,247.0,7005.0,40.0
